id,user_id,question_id,test_date
22,16,162,2023-12-24 21:49:16.149785+00:00
23,16,167,2023-12-24 21:49:16.188560+00:00
24,16,162,2023-12-24 21:50:03.394493+00:00
25,16,167,2023-12-24 21:50:03.443984+00:00
26,16,162,2023-12-24 21:51:06.715565+00:00
27,16,167,2023-12-24 21:51:06.756215+00:00
33,16,162,2023-12-24 21:55:00.999060+00:00
35,17,362,2023-12-25 03:39:41.583963+00:00
36,17,474,2023-12-25 03:39:41.625114+00:00
37,5,163,2023-12-25 03:40:49.477164+00:00
38,5,164,2023-12-25 03:40:49.511223+00:00
39,5,165,2023-12-25 03:40:49.541333+00:00
40,5,166,2023-12-25 03:40:49.568654+00:00
41,5,168,2023-12-25 03:40:49.596672+00:00
42,5,174,2023-12-25 03:40:49.625151+00:00
43,5,176,2023-12-25 03:40:49.650819+00:00
44,5,180,2023-12-25 03:40:49.680563+00:00
45,5,183,2023-12-25 03:40:49.708236+00:00
46,5,186,2023-12-25 03:40:49.734770+00:00
47,5,187,2023-12-25 03:40:49.765005+00:00
48,5,188,2023-12-25 03:40:49.792943+00:00
49,5,192,2023-12-25 03:40:49.822109+00:00
50,5,193,2023-12-25 03:40:49.849016+00:00
51,5,194,2023-12-25 03:40:49.875828+00:00
52,5,195,2023-12-25 03:40:49.904166+00:00
53,5,199,2023-12-25 03:40:49.931530+00:00
54,5,201,2023-12-25 03:40:49.960649+00:00
55,5,204,2023-12-25 03:40:49.990239+00:00
56,5,206,2023-12-25 03:40:50.018595+00:00
57,5,207,2023-12-25 03:40:50.048278+00:00
58,5,210,2023-12-25 03:40:50.077987+00:00
59,5,217,2023-12-25 03:40:50.105632+00:00
60,5,218,2023-12-25 03:40:50.132481+00:00
61,5,219,2023-12-25 03:40:50.160169+00:00
62,5,224,2023-12-25 03:40:50.188403+00:00
63,5,225,2023-12-25 03:40:50.218612+00:00
64,5,227,2023-12-25 03:40:50.247551+00:00
65,5,228,2023-12-25 03:40:50.274944+00:00
66,5,230,2023-12-25 03:40:50.301817+00:00
67,5,231,2023-12-25 03:40:50.329929+00:00
68,5,233,2023-12-25 03:40:50.357861+00:00
69,5,235,2023-12-25 03:40:50.388092+00:00
70,5,242,2023-12-25 03:40:50.421418+00:00
71,5,244,2023-12-25 03:40:50.449372+00:00
72,5,245,2023-12-25 03:40:50.478739+00:00
73,5,247,2023-12-25 03:40:50.510416+00:00
74,5,248,2023-12-25 03:40:50.539632+00:00
75,5,253,2023-12-25 03:40:50.567804+00:00
76,5,258,2023-12-25 03:40:50.596498+00:00
77,5,261,2023-12-25 03:40:50.630003+00:00
78,5,263,2023-12-25 03:40:50.660243+00:00
79,5,265,2023-12-25 03:40:50.696359+00:00
80,5,266,2023-12-25 03:40:50.725085+00:00
81,5,268,2023-12-25 03:40:50.760671+00:00
82,5,271,2023-12-25 03:40:50.794181+00:00
83,5,280,2023-12-25 03:40:50.823614+00:00
84,5,287,2023-12-25 03:40:50.859962+00:00
85,5,290,2023-12-25 03:40:50.887874+00:00
86,5,293,2023-12-25 03:40:50.918889+00:00
87,5,294,2023-12-25 03:40:50.951762+00:00
88,5,299,2023-12-25 03:40:50.982963+00:00
89,5,302,2023-12-25 03:40:51.014368+00:00
90,5,309,2023-12-25 03:40:51.049205+00:00
91,5,310,2023-12-25 03:40:51.084668+00:00
92,5,311,2023-12-25 03:40:51.123120+00:00
93,5,314,2023-12-25 03:40:51.161858+00:00
94,5,316,2023-12-25 03:40:51.193913+00:00
95,5,319,2023-12-25 03:40:51.227336+00:00
96,5,320,2023-12-25 03:40:51.260531+00:00
97,5,321,2023-12-25 03:40:51.289284+00:00
98,5,324,2023-12-25 03:40:51.318654+00:00
99,5,325,2023-12-25 03:40:51.348474+00:00
100,5,326,2023-12-25 03:40:51.375850+00:00
101,5,327,2023-12-25 03:40:51.402026+00:00
102,5,332,2023-12-25 03:40:51.430868+00:00
103,5,333,2023-12-25 03:40:51.457630+00:00
104,5,335,2023-12-25 03:40:51.485296+00:00
105,5,337,2023-12-25 03:40:51.510977+00:00
106,5,342,2023-12-25 03:40:51.540474+00:00
107,5,343,2023-12-25 03:40:51.570423+00:00
108,5,345,2023-12-25 03:40:51.599680+00:00
109,5,346,2023-12-25 03:40:51.628435+00:00
110,5,347,2023-12-25 03:40:51.656197+00:00
111,5,348,2023-12-25 03:40:51.685872+00:00
112,5,349,2023-12-25 03:40:51.717477+00:00
113,5,352,2023-12-25 03:40:51.746262+00:00
114,5,354,2023-12-25 03:40:51.773663+00:00
115,5,356,2023-12-25 03:40:51.804989+00:00
116,5,358,2023-12-25 03:40:51.831337+00:00
117,7,163,2023-12-25 03:40:57.966370+00:00
118,7,164,2023-12-25 03:40:58.005024+00:00
119,7,165,2023-12-25 03:40:58.032365+00:00
120,7,166,2023-12-25 03:40:58.060977+00:00
121,7,168,2023-12-25 03:40:58.091564+00:00
122,7,174,2023-12-25 03:40:58.120945+00:00
123,7,176,2023-12-25 03:40:58.151153+00:00
124,7,180,2023-12-25 03:40:58.180927+00:00
125,7,183,2023-12-25 03:40:58.207341+00:00
126,7,186,2023-12-25 03:40:58.238236+00:00
127,7,187,2023-12-25 03:40:58.269168+00:00
128,7,188,2023-12-25 03:40:58.298280+00:00
129,7,192,2023-12-25 03:40:58.328842+00:00
130,7,193,2023-12-25 03:40:58.354579+00:00
131,7,194,2023-12-25 03:40:58.380999+00:00
132,7,195,2023-12-25 03:40:58.408488+00:00
133,7,199,2023-12-25 03:40:58.435006+00:00
134,7,201,2023-12-25 03:40:58.464470+00:00
135,7,204,2023-12-25 03:40:58.490813+00:00
136,7,206,2023-12-25 03:40:58.518193+00:00
137,7,207,2023-12-25 03:40:58.543720+00:00
138,7,210,2023-12-25 03:40:58.571848+00:00
139,7,217,2023-12-25 03:40:58.599923+00:00
140,7,218,2023-12-25 03:40:58.625949+00:00
141,7,219,2023-12-25 03:40:58.653673+00:00
142,7,224,2023-12-25 03:40:58.683814+00:00
143,7,225,2023-12-25 03:40:58.711476+00:00
144,7,227,2023-12-25 03:40:58.738107+00:00
145,7,228,2023-12-25 03:40:58.763816+00:00
146,7,230,2023-12-25 03:40:58.791858+00:00
147,7,231,2023-12-25 03:40:58.819331+00:00
148,7,233,2023-12-25 03:40:58.948836+00:00
149,7,235,2023-12-25 03:40:58.980209+00:00
150,7,242,2023-12-25 03:40:59.008550+00:00
151,7,244,2023-12-25 03:40:59.038958+00:00
152,7,245,2023-12-25 03:40:59.068959+00:00
153,7,247,2023-12-25 03:40:59.098019+00:00
154,7,248,2023-12-25 03:40:59.130303+00:00
155,7,253,2023-12-25 03:40:59.162399+00:00
156,7,258,2023-12-25 03:40:59.187864+00:00
157,7,261,2023-12-25 03:40:59.218741+00:00
158,7,263,2023-12-25 03:40:59.245931+00:00
159,7,265,2023-12-25 03:40:59.271667+00:00
160,7,266,2023-12-25 03:40:59.299725+00:00
161,7,268,2023-12-25 03:40:59.326308+00:00
162,7,271,2023-12-25 03:40:59.358139+00:00
163,7,280,2023-12-25 03:40:59.386587+00:00
164,7,287,2023-12-25 03:40:59.413412+00:00
165,7,290,2023-12-25 03:40:59.441383+00:00
166,7,293,2023-12-25 03:40:59.468354+00:00
167,7,294,2023-12-25 03:40:59.495829+00:00
168,7,299,2023-12-25 03:40:59.526539+00:00
169,7,302,2023-12-25 03:40:59.552069+00:00
170,7,309,2023-12-25 03:40:59.680920+00:00
171,7,310,2023-12-25 03:40:59.721292+00:00
172,7,311,2023-12-25 03:40:59.753260+00:00
173,7,314,2023-12-25 03:40:59.781442+00:00
174,7,316,2023-12-25 03:40:59.810813+00:00
175,7,319,2023-12-25 03:40:59.839408+00:00
176,7,320,2023-12-25 03:40:59.865674+00:00
177,7,321,2023-12-25 03:40:59.893980+00:00
178,7,324,2023-12-25 03:40:59.920024+00:00
179,7,325,2023-12-25 03:40:59.948903+00:00
180,7,326,2023-12-25 03:40:59.975563+00:00
181,7,327,2023-12-25 03:41:00.005854+00:00
182,7,332,2023-12-25 03:41:00.047022+00:00
183,7,333,2023-12-25 03:41:00.092132+00:00
184,7,335,2023-12-25 03:41:00.121329+00:00
185,7,337,2023-12-25 03:41:00.155364+00:00
186,7,342,2023-12-25 03:41:00.187841+00:00
187,7,343,2023-12-25 03:41:00.220362+00:00
188,7,345,2023-12-25 03:41:00.248180+00:00
189,7,346,2023-12-25 03:41:00.279902+00:00
190,7,347,2023-12-25 03:41:00.403024+00:00
191,7,348,2023-12-25 03:41:00.432558+00:00
192,7,349,2023-12-25 03:41:00.463967+00:00
193,7,352,2023-12-25 03:41:00.494431+00:00
194,7,354,2023-12-25 03:41:00.522373+00:00
195,7,356,2023-12-25 03:41:00.549254+00:00
196,7,358,2023-12-25 03:41:00.576084+00:00
197,3,163,2023-12-25 03:41:17.854403+00:00
198,3,164,2023-12-25 03:41:17.889007+00:00
199,3,165,2023-12-25 03:41:17.921559+00:00
200,3,166,2023-12-25 03:41:17.947823+00:00
201,3,168,2023-12-25 03:41:17.978689+00:00
202,3,174,2023-12-25 03:41:18.005180+00:00
203,3,176,2023-12-25 03:41:18.035557+00:00
204,3,180,2023-12-25 03:41:18.067532+00:00
205,3,183,2023-12-25 03:41:18.104142+00:00
206,3,186,2023-12-25 03:41:18.137530+00:00
207,3,187,2023-12-25 03:41:18.168721+00:00
208,3,188,2023-12-25 03:41:18.196960+00:00
209,3,192,2023-12-25 03:41:18.225759+00:00
210,3,193,2023-12-25 03:41:18.253191+00:00
211,3,194,2023-12-25 03:41:18.291228+00:00
212,3,195,2023-12-25 03:41:18.322433+00:00
213,3,199,2023-12-25 03:41:18.351328+00:00
214,3,201,2023-12-25 03:41:18.381753+00:00
215,3,204,2023-12-25 03:41:18.409541+00:00
216,3,206,2023-12-25 03:41:18.441567+00:00
217,3,207,2023-12-25 03:41:18.474227+00:00
218,3,210,2023-12-25 03:41:18.507942+00:00
219,3,217,2023-12-25 03:41:18.542488+00:00
220,3,218,2023-12-25 03:41:18.574536+00:00
221,3,219,2023-12-25 03:41:18.612962+00:00
222,3,224,2023-12-25 03:41:18.642882+00:00
223,3,225,2023-12-25 03:41:18.671748+00:00
224,3,227,2023-12-25 03:41:18.700492+00:00
225,3,228,2023-12-25 03:41:18.726860+00:00
226,3,230,2023-12-25 03:41:18.757368+00:00
227,3,231,2023-12-25 03:41:18.787744+00:00
228,3,233,2023-12-25 03:41:18.816067+00:00
229,3,235,2023-12-25 03:41:18.844878+00:00
230,3,242,2023-12-25 03:41:18.876832+00:00
231,3,244,2023-12-25 03:41:18.908816+00:00
232,3,245,2023-12-25 03:41:18.936837+00:00
233,3,247,2023-12-25 03:41:18.966326+00:00
234,3,248,2023-12-25 03:41:18.995951+00:00
235,3,253,2023-12-25 03:41:19.025885+00:00
236,3,258,2023-12-25 03:41:19.059857+00:00
237,3,261,2023-12-25 03:41:19.090163+00:00
238,3,263,2023-12-25 03:41:19.133695+00:00
239,3,265,2023-12-25 03:41:19.168497+00:00
240,3,266,2023-12-25 03:41:19.198488+00:00
241,3,271,2023-12-25 03:41:19.228162+00:00
242,3,280,2023-12-25 03:41:19.255814+00:00
243,3,287,2023-12-25 03:41:19.284432+00:00
244,3,290,2023-12-25 03:41:19.313522+00:00
245,3,293,2023-12-25 03:41:19.342686+00:00
246,3,294,2023-12-25 03:41:19.370938+00:00
247,3,299,2023-12-25 03:41:19.398175+00:00
248,3,302,2023-12-25 03:41:19.427864+00:00
249,3,309,2023-12-25 03:41:19.453369+00:00
250,3,310,2023-12-25 03:41:19.480566+00:00
251,3,311,2023-12-25 03:41:19.509426+00:00
252,3,314,2023-12-25 03:41:19.543656+00:00
253,3,316,2023-12-25 03:41:19.581623+00:00
254,3,319,2023-12-25 03:41:19.608236+00:00
255,3,320,2023-12-25 03:41:19.643149+00:00
256,3,321,2023-12-25 03:41:19.676283+00:00
257,3,324,2023-12-25 03:41:19.708002+00:00
258,3,325,2023-12-25 03:41:19.736563+00:00
259,3,326,2023-12-25 03:41:19.764040+00:00
260,3,327,2023-12-25 03:41:19.791622+00:00
261,3,332,2023-12-25 03:41:19.821143+00:00
262,3,333,2023-12-25 03:41:19.849579+00:00
263,3,335,2023-12-25 03:41:19.876068+00:00
264,3,337,2023-12-25 03:41:19.902378+00:00
265,3,342,2023-12-25 03:41:19.931226+00:00
266,3,343,2023-12-25 03:41:19.958747+00:00
267,3,345,2023-12-25 03:41:19.987827+00:00
268,3,346,2023-12-25 03:41:20.016022+00:00
269,3,347,2023-12-25 03:41:20.044169+00:00
270,3,348,2023-12-25 03:41:20.072737+00:00
271,3,349,2023-12-25 03:41:20.100844+00:00
272,3,352,2023-12-25 03:41:20.133863+00:00
273,3,354,2023-12-25 03:41:20.163187+00:00
274,3,356,2023-12-25 03:41:20.195124+00:00
275,3,358,2023-12-25 03:41:20.225947+00:00
276,4,163,2023-12-25 03:45:43.472878+00:00
277,4,164,2023-12-25 03:45:43.501821+00:00
278,4,165,2023-12-25 03:45:43.531505+00:00
279,4,166,2023-12-25 03:45:43.560496+00:00
280,4,168,2023-12-25 03:45:43.587744+00:00
281,4,174,2023-12-25 03:45:43.617292+00:00
282,4,176,2023-12-25 03:45:43.644240+00:00
283,4,180,2023-12-25 03:45:43.673343+00:00
284,4,183,2023-12-25 03:45:43.701048+00:00
285,4,186,2023-12-25 03:45:43.728412+00:00
286,4,187,2023-12-25 03:45:43.758324+00:00
287,4,188,2023-12-25 03:45:43.785581+00:00
288,4,192,2023-12-25 03:45:43.813611+00:00
289,4,193,2023-12-25 03:45:43.840451+00:00
290,4,194,2023-12-25 03:45:43.867035+00:00
291,4,195,2023-12-25 03:45:43.896426+00:00
292,4,199,2023-12-25 03:45:43.928518+00:00
293,4,201,2023-12-25 03:45:43.956699+00:00
294,4,204,2023-12-25 03:45:43.983876+00:00
295,4,206,2023-12-25 03:45:44.011899+00:00
296,4,207,2023-12-25 03:45:44.040534+00:00
297,4,210,2023-12-25 03:45:44.068448+00:00
298,4,217,2023-12-25 03:45:44.095378+00:00
299,4,218,2023-12-25 03:45:44.122245+00:00
300,4,219,2023-12-25 03:45:44.153661+00:00
301,4,224,2023-12-25 03:45:44.183671+00:00
302,4,225,2023-12-25 03:45:44.212355+00:00
303,4,227,2023-12-25 03:45:44.238717+00:00
304,4,228,2023-12-25 03:45:44.268511+00:00
305,4,230,2023-12-25 03:45:44.297418+00:00
306,4,231,2023-12-25 03:45:44.332861+00:00
307,4,233,2023-12-25 03:45:44.366777+00:00
308,4,235,2023-12-25 03:45:44.398832+00:00
309,4,242,2023-12-25 03:45:44.429214+00:00
310,4,244,2023-12-25 03:45:44.457912+00:00
311,4,245,2023-12-25 03:45:44.488254+00:00
312,4,247,2023-12-25 03:45:44.518889+00:00
313,4,248,2023-12-25 03:45:44.548678+00:00
314,4,253,2023-12-25 03:45:44.576904+00:00
315,4,258,2023-12-25 03:45:44.606621+00:00
316,4,261,2023-12-25 03:45:44.637785+00:00
317,4,263,2023-12-25 03:45:44.667977+00:00
318,4,265,2023-12-25 03:45:44.700673+00:00
319,4,266,2023-12-25 03:45:44.731828+00:00
320,4,271,2023-12-25 03:45:44.764430+00:00
321,4,280,2023-12-25 03:45:44.794550+00:00
322,4,287,2023-12-25 03:45:44.823541+00:00
323,4,290,2023-12-25 03:45:44.850773+00:00
324,4,293,2023-12-25 03:45:44.879537+00:00
325,4,294,2023-12-25 03:45:44.910155+00:00
326,4,299,2023-12-25 03:45:44.940725+00:00
327,4,302,2023-12-25 03:45:44.967563+00:00
328,4,309,2023-12-25 03:45:44.996065+00:00
329,4,310,2023-12-25 03:45:45.024082+00:00
330,4,311,2023-12-25 03:45:45.056436+00:00
331,4,314,2023-12-25 03:45:45.086450+00:00
332,4,316,2023-12-25 03:45:45.119263+00:00
333,4,319,2023-12-25 03:45:45.152757+00:00
334,4,320,2023-12-25 03:45:45.181772+00:00
335,4,321,2023-12-25 03:45:45.211016+00:00
336,4,324,2023-12-25 03:45:45.239053+00:00
337,4,325,2023-12-25 03:45:45.264549+00:00
338,4,326,2023-12-25 03:45:45.299215+00:00
339,4,327,2023-12-25 03:45:45.325765+00:00
340,4,332,2023-12-25 03:45:45.354652+00:00
341,4,333,2023-12-25 03:45:45.382613+00:00
342,4,335,2023-12-25 03:45:45.412150+00:00
343,4,337,2023-12-25 03:45:45.440479+00:00
344,4,342,2023-12-25 03:45:45.471086+00:00
345,4,343,2023-12-25 03:45:45.501077+00:00
346,4,345,2023-12-25 03:45:45.526500+00:00
347,4,346,2023-12-25 03:45:45.555443+00:00
348,4,347,2023-12-25 03:45:45.584798+00:00
349,4,348,2023-12-25 03:45:45.614643+00:00
350,4,349,2023-12-25 03:45:45.645837+00:00
351,4,352,2023-12-25 03:45:45.673454+00:00
352,4,354,2023-12-25 03:45:45.707092+00:00
353,4,356,2023-12-25 03:45:45.740393+00:00
354,4,358,2023-12-25 03:45:45.773038+00:00
355,4,163,2023-12-25 03:45:46.111845+00:00
356,4,164,2023-12-25 03:45:46.178540+00:00
357,4,165,2023-12-25 03:45:46.227067+00:00
358,4,166,2023-12-25 03:45:46.270319+00:00
359,4,168,2023-12-25 03:45:46.312834+00:00
360,4,174,2023-12-25 03:45:46.342155+00:00
361,4,176,2023-12-25 03:45:46.370790+00:00
362,4,180,2023-12-25 03:45:46.413158+00:00
363,4,183,2023-12-25 03:45:46.441192+00:00
364,4,186,2023-12-25 03:45:46.480637+00:00
365,4,187,2023-12-25 03:45:46.509820+00:00
366,4,188,2023-12-25 03:45:46.548566+00:00
367,4,192,2023-12-25 03:45:46.590608+00:00
368,4,193,2023-12-25 03:45:46.619988+00:00
369,4,194,2023-12-25 03:45:46.648280+00:00
370,4,195,2023-12-25 03:45:46.704397+00:00
371,4,199,2023-12-25 03:45:46.734591+00:00
372,4,201,2023-12-25 03:45:46.763688+00:00
373,4,204,2023-12-25 03:45:46.829479+00:00
374,4,206,2023-12-25 03:45:46.858834+00:00
375,4,163,2023-12-25 03:45:46.790843+00:00
376,4,207,2023-12-25 03:45:46.917976+00:00
377,4,210,2023-12-25 03:45:46.964696+00:00
378,4,217,2023-12-25 03:45:47.007766+00:00
379,4,218,2023-12-25 03:45:47.037538+00:00
380,4,219,2023-12-25 03:45:47.069781+00:00
381,4,224,2023-12-25 03:45:47.124749+00:00
382,4,225,2023-12-25 03:45:47.152744+00:00
383,4,227,2023-12-25 03:45:47.248387+00:00
384,4,228,2023-12-25 03:45:47.277377+00:00
385,4,230,2023-12-25 03:45:47.306799+00:00
386,4,231,2023-12-25 03:45:47.353910+00:00
387,4,233,2023-12-25 03:45:47.381465+00:00
388,4,235,2023-12-25 03:45:47.413375+00:00
389,4,242,2023-12-25 03:45:47.442880+00:00
390,4,244,2023-12-25 03:45:47.514915+00:00
391,4,245,2023-12-25 03:45:47.542951+00:00
392,4,247,2023-12-25 03:45:47.586386+00:00
393,4,248,2023-12-25 03:45:47.616396+00:00
394,4,253,2023-12-25 03:45:47.646149+00:00
395,4,258,2023-12-25 03:45:47.704815+00:00
396,4,261,2023-12-25 03:45:47.764491+00:00
397,4,263,2023-12-25 03:45:47.792615+00:00
398,4,265,2023-12-25 03:45:47.853504+00:00
399,4,266,2023-12-25 03:45:47.881958+00:00
400,4,271,2023-12-25 03:45:47.910657+00:00
401,4,280,2023-12-25 03:45:47.940458+00:00
402,4,287,2023-12-25 03:45:47.968641+00:00
403,4,290,2023-12-25 03:45:47.999067+00:00
404,4,293,2023-12-25 03:45:48.040057+00:00
405,4,294,2023-12-25 03:45:48.074441+00:00
406,4,299,2023-12-25 03:45:48.110563+00:00
407,4,302,2023-12-25 03:45:48.138261+00:00
408,4,309,2023-12-25 03:45:48.169518+00:00
409,4,310,2023-12-25 03:45:48.197528+00:00
410,4,311,2023-12-25 03:45:48.227136+00:00
411,4,314,2023-12-25 03:45:48.255709+00:00
412,4,316,2023-12-25 03:45:48.282687+00:00
413,4,319,2023-12-25 03:45:48.310548+00:00
414,4,320,2023-12-25 03:45:48.337876+00:00
415,4,321,2023-12-25 03:45:48.366755+00:00
416,4,324,2023-12-25 03:45:48.394264+00:00
417,4,325,2023-12-25 03:45:48.422476+00:00
418,4,326,2023-12-25 03:45:48.451837+00:00
419,4,327,2023-12-25 03:45:48.479586+00:00
420,4,332,2023-12-25 03:45:48.508804+00:00
421,4,333,2023-12-25 03:45:48.537114+00:00
422,4,335,2023-12-25 03:45:48.565702+00:00
423,4,337,2023-12-25 03:45:48.597939+00:00
424,4,342,2023-12-25 03:45:48.639625+00:00
425,4,343,2023-12-25 03:45:48.670868+00:00
426,4,345,2023-12-25 03:45:48.698264+00:00
427,4,346,2023-12-25 03:45:48.726984+00:00
428,4,347,2023-12-25 03:45:48.756191+00:00
429,6,163,2023-12-25 03:45:48.715286+00:00
430,6,164,2023-12-25 03:45:48.810845+00:00
431,6,165,2023-12-25 03:45:48.841126+00:00
432,6,166,2023-12-25 03:45:48.868375+00:00
433,6,168,2023-12-25 03:45:48.936728+00:00
434,6,174,2023-12-25 03:45:48.967123+00:00
435,6,176,2023-12-25 03:45:48.994489+00:00
436,6,180,2023-12-25 03:45:49.026237+00:00
437,6,183,2023-12-25 03:45:49.115953+00:00
438,6,186,2023-12-25 03:45:49.297611+00:00
439,6,187,2023-12-25 03:45:49.467594+00:00
440,6,188,2023-12-25 03:45:49.592881+00:00
441,6,192,2023-12-25 03:45:49.690273+00:00
442,6,193,2023-12-25 03:45:49.796967+00:00
443,6,194,2023-12-25 03:45:49.905599+00:00
444,6,195,2023-12-25 03:45:50.017284+00:00
445,6,199,2023-12-25 03:45:50.125138+00:00
446,6,201,2023-12-25 03:45:50.155393+00:00
447,6,204,2023-12-25 03:45:50.187118+00:00
448,6,206,2023-12-25 03:45:50.215579+00:00
449,6,207,2023-12-25 03:45:50.245965+00:00
450,6,210,2023-12-25 03:45:50.276568+00:00
451,6,217,2023-12-25 03:45:50.303672+00:00
452,6,218,2023-12-25 03:45:50.331924+00:00
453,6,219,2023-12-25 03:45:50.362245+00:00
454,6,224,2023-12-25 03:45:50.389630+00:00
455,6,225,2023-12-25 03:45:50.418159+00:00
456,6,227,2023-12-25 03:45:50.448607+00:00
457,6,228,2023-12-25 03:45:50.475982+00:00
458,6,230,2023-12-25 03:45:50.502282+00:00
459,6,231,2023-12-25 03:45:50.531541+00:00
460,6,233,2023-12-25 03:45:50.560447+00:00
461,6,235,2023-12-25 03:45:50.589954+00:00
462,6,242,2023-12-25 03:45:50.619461+00:00
463,6,244,2023-12-25 03:45:50.646447+00:00
464,6,245,2023-12-25 03:45:50.677596+00:00
465,6,247,2023-12-25 03:45:50.714000+00:00
466,6,248,2023-12-25 03:45:50.741936+00:00
467,6,253,2023-12-25 03:45:50.772936+00:00
468,6,258,2023-12-25 03:45:50.800542+00:00
469,6,261,2023-12-25 03:45:50.830670+00:00
470,6,263,2023-12-25 03:45:50.858563+00:00
471,6,265,2023-12-25 03:45:50.888581+00:00
472,6,266,2023-12-25 03:45:50.916476+00:00
473,6,268,2023-12-25 03:45:50.944136+00:00
474,6,271,2023-12-25 03:45:50.972805+00:00
475,6,280,2023-12-25 03:45:51.001450+00:00
476,6,287,2023-12-25 03:45:51.030151+00:00
477,6,290,2023-12-25 03:45:51.062284+00:00
478,6,293,2023-12-25 03:45:51.092204+00:00
479,6,294,2023-12-25 03:45:51.121525+00:00
480,6,299,2023-12-25 03:45:51.153500+00:00
481,6,302,2023-12-25 03:45:51.184440+00:00
482,6,309,2023-12-25 03:45:51.220430+00:00
483,6,310,2023-12-25 03:45:51.253182+00:00
484,6,311,2023-12-25 03:45:51.283703+00:00
485,6,314,2023-12-25 03:45:51.313523+00:00
486,6,316,2023-12-25 03:45:51.341032+00:00
487,6,319,2023-12-25 03:45:51.368985+00:00
488,6,320,2023-12-25 03:45:51.398808+00:00
489,6,321,2023-12-25 03:45:51.427939+00:00
490,6,324,2023-12-25 03:45:51.457618+00:00
491,6,325,2023-12-25 03:45:51.492050+00:00
492,6,326,2023-12-25 03:45:51.519548+00:00
493,6,327,2023-12-25 03:45:51.550116+00:00
494,6,332,2023-12-25 03:45:51.578462+00:00
495,6,333,2023-12-25 03:45:51.605582+00:00
496,6,335,2023-12-25 03:45:51.633725+00:00
497,6,337,2023-12-25 03:45:51.662581+00:00
498,6,342,2023-12-25 03:45:51.695866+00:00
499,6,343,2023-12-25 03:45:51.725377+00:00
500,6,345,2023-12-25 03:45:51.758566+00:00
501,6,346,2023-12-25 03:45:51.802711+00:00
502,6,347,2023-12-25 03:45:51.832868+00:00
503,6,348,2023-12-25 03:45:51.863773+00:00
504,6,349,2023-12-25 03:45:51.897752+00:00
505,6,352,2023-12-25 03:45:51.925560+00:00
506,6,354,2023-12-25 03:45:51.951611+00:00
507,6,356,2023-12-25 03:45:51.980827+00:00
508,4,163,2023-12-25 03:47:46.251033+00:00
509,4,164,2023-12-25 03:47:46.280957+00:00
510,4,165,2023-12-25 03:47:46.309470+00:00
511,4,166,2023-12-25 03:47:46.340056+00:00
512,4,168,2023-12-25 03:47:46.370808+00:00
513,4,174,2023-12-25 03:47:46.398038+00:00
514,4,176,2023-12-25 03:47:46.425473+00:00
515,4,180,2023-12-25 03:47:46.452570+00:00
516,4,183,2023-12-25 03:47:46.479263+00:00
517,4,186,2023-12-25 03:47:46.508158+00:00
518,4,187,2023-12-25 03:47:46.539045+00:00
519,4,188,2023-12-25 03:47:46.575223+00:00
520,4,192,2023-12-25 03:47:46.607231+00:00
521,4,193,2023-12-25 03:47:46.634755+00:00
522,4,194,2023-12-25 03:47:46.665749+00:00
523,4,195,2023-12-25 03:47:46.694260+00:00
524,4,199,2023-12-25 03:47:46.720389+00:00
525,4,201,2023-12-25 03:47:46.750352+00:00
526,4,204,2023-12-25 03:47:46.778489+00:00
527,4,206,2023-12-25 03:47:46.805395+00:00
528,4,207,2023-12-25 03:47:46.834342+00:00
529,4,210,2023-12-25 03:47:46.866354+00:00
530,4,217,2023-12-25 03:47:46.901890+00:00
531,4,218,2023-12-25 03:47:46.932688+00:00
532,4,219,2023-12-25 03:47:46.963489+00:00
533,4,224,2023-12-25 03:47:46.993519+00:00
534,4,225,2023-12-25 03:47:47.023941+00:00
535,4,227,2023-12-25 03:47:47.065206+00:00
536,4,228,2023-12-25 03:47:47.094104+00:00
537,4,230,2023-12-25 03:47:47.123277+00:00
538,4,231,2023-12-25 03:47:47.156930+00:00
539,4,233,2023-12-25 03:47:47.188609+00:00
540,4,235,2023-12-25 03:47:47.216247+00:00
541,4,242,2023-12-25 03:47:47.260037+00:00
542,4,244,2023-12-25 03:47:47.305412+00:00
543,4,245,2023-12-25 03:47:47.337620+00:00
544,4,247,2023-12-25 03:47:47.369300+00:00
545,4,248,2023-12-25 03:47:47.398368+00:00
546,4,253,2023-12-25 03:47:47.441584+00:00
547,4,258,2023-12-25 03:47:47.472171+00:00
548,4,261,2023-12-25 03:47:47.503224+00:00
549,4,263,2023-12-25 03:47:47.532728+00:00
550,4,265,2023-12-25 03:47:47.563760+00:00
551,4,266,2023-12-25 03:47:47.592445+00:00
552,4,271,2023-12-25 03:47:47.650880+00:00
553,4,280,2023-12-25 03:47:47.711116+00:00
554,4,287,2023-12-25 03:47:47.738621+00:00
555,4,290,2023-12-25 03:47:47.768360+00:00
556,4,293,2023-12-25 03:47:47.811112+00:00
557,4,294,2023-12-25 03:47:47.860899+00:00
558,4,299,2023-12-25 03:47:47.906328+00:00
559,4,302,2023-12-25 03:47:47.977570+00:00
560,4,309,2023-12-25 03:47:48.032033+00:00
561,4,310,2023-12-25 03:47:48.077803+00:00
562,4,311,2023-12-25 03:47:48.110155+00:00
563,4,314,2023-12-25 03:47:48.138978+00:00
564,4,316,2023-12-25 03:47:48.196095+00:00
565,4,319,2023-12-25 03:47:48.222562+00:00
566,4,320,2023-12-25 03:47:48.253593+00:00
567,4,321,2023-12-25 03:47:48.281091+00:00
568,4,324,2023-12-25 03:47:48.307972+00:00
569,4,325,2023-12-25 03:47:48.336603+00:00
570,4,326,2023-12-25 03:47:48.363201+00:00
571,4,327,2023-12-25 03:47:48.392316+00:00
572,4,332,2023-12-25 03:47:48.435152+00:00
573,4,333,2023-12-25 03:47:48.482849+00:00
574,4,335,2023-12-25 03:47:48.529282+00:00
575,4,337,2023-12-25 03:47:48.562083+00:00
576,4,342,2023-12-25 03:47:48.590889+00:00
577,4,343,2023-12-25 03:47:48.621379+00:00
578,4,345,2023-12-25 03:47:48.653756+00:00
579,4,346,2023-12-25 03:47:48.701906+00:00
580,4,347,2023-12-25 03:47:48.765637+00:00
581,4,348,2023-12-25 03:47:48.791836+00:00
582,4,349,2023-12-25 03:47:48.851048+00:00
583,4,352,2023-12-25 03:47:48.882267+00:00
584,4,354,2023-12-25 03:47:48.908609+00:00
585,4,356,2023-12-25 03:47:48.938033+00:00
586,4,358,2023-12-25 03:47:48.985282+00:00
587,7,362,2023-12-25 03:48:01.854738+00:00
588,7,368,2023-12-25 03:48:01.884131+00:00
589,7,371,2023-12-25 03:48:01.913075+00:00
590,7,372,2023-12-25 03:48:01.940206+00:00
591,7,373,2023-12-25 03:48:01.965727+00:00
592,7,374,2023-12-25 03:48:01.992026+00:00
593,7,377,2023-12-25 03:48:02.019794+00:00
594,7,381,2023-12-25 03:48:02.046886+00:00
595,7,382,2023-12-25 03:48:02.073744+00:00
596,7,383,2023-12-25 03:48:02.100908+00:00
597,7,384,2023-12-25 03:48:02.130224+00:00
598,7,385,2023-12-25 03:48:02.156987+00:00
599,7,386,2023-12-25 03:48:02.188014+00:00
600,7,387,2023-12-25 03:48:02.219384+00:00
601,7,390,2023-12-25 03:48:02.245931+00:00
602,7,391,2023-12-25 03:48:02.277071+00:00
603,7,392,2023-12-25 03:48:02.307684+00:00
604,7,396,2023-12-25 03:48:02.337311+00:00
605,7,397,2023-12-25 03:48:02.368933+00:00
606,7,399,2023-12-25 03:48:02.396479+00:00
607,7,400,2023-12-25 03:48:02.426849+00:00
608,7,402,2023-12-25 03:48:02.457553+00:00
609,7,404,2023-12-25 03:48:02.488667+00:00
610,7,408,2023-12-25 03:48:02.519751+00:00
611,7,409,2023-12-25 03:48:02.548136+00:00
612,7,410,2023-12-25 03:48:02.577755+00:00
613,7,412,2023-12-25 03:48:02.607656+00:00
614,7,413,2023-12-25 03:48:02.637398+00:00
615,7,416,2023-12-25 03:48:02.667008+00:00
616,7,419,2023-12-25 03:48:02.697579+00:00
617,7,420,2023-12-25 03:48:02.727337+00:00
618,7,422,2023-12-25 03:48:02.755940+00:00
619,7,423,2023-12-25 03:48:02.785112+00:00
620,7,426,2023-12-25 03:48:02.813557+00:00
621,7,427,2023-12-25 03:48:02.842272+00:00
622,7,428,2023-12-25 03:48:02.874593+00:00
623,7,429,2023-12-25 03:48:02.906723+00:00
624,7,430,2023-12-25 03:48:02.936948+00:00
625,7,431,2023-12-25 03:48:02.963896+00:00
626,7,432,2023-12-25 03:48:02.993874+00:00
627,7,433,2023-12-25 03:48:03.025494+00:00
628,7,434,2023-12-25 03:48:03.058334+00:00
629,7,435,2023-12-25 03:48:03.095194+00:00
630,7,440,2023-12-25 03:48:03.129421+00:00
631,7,446,2023-12-25 03:48:03.162688+00:00
632,7,447,2023-12-25 03:48:03.193045+00:00
633,7,448,2023-12-25 03:48:03.221253+00:00
634,7,449,2023-12-25 03:48:03.252533+00:00
635,7,450,2023-12-25 03:48:03.281721+00:00
636,7,452,2023-12-25 03:48:03.310635+00:00
637,7,453,2023-12-25 03:48:03.339141+00:00
638,7,455,2023-12-25 03:48:03.367889+00:00
639,7,457,2023-12-25 03:48:03.397155+00:00
640,7,459,2023-12-25 03:48:03.424731+00:00
641,7,462,2023-12-25 03:48:03.453726+00:00
642,7,463,2023-12-25 03:48:03.485252+00:00
643,7,464,2023-12-25 03:48:03.531292+00:00
644,7,465,2023-12-25 03:48:03.610081+00:00
645,7,468,2023-12-25 03:48:03.646254+00:00
646,7,474,2023-12-25 03:48:03.678851+00:00
647,3,362,2023-12-25 03:48:40.008906+00:00
648,3,368,2023-12-25 03:48:40.047847+00:00
649,3,371,2023-12-25 03:48:40.077236+00:00
650,3,372,2023-12-25 03:48:40.102384+00:00
651,3,373,2023-12-25 03:48:40.128728+00:00
652,3,374,2023-12-25 03:48:40.154701+00:00
653,3,377,2023-12-25 03:48:40.179932+00:00
654,3,381,2023-12-25 03:48:40.208545+00:00
655,3,382,2023-12-25 03:48:40.235208+00:00
656,3,383,2023-12-25 03:48:40.261322+00:00
657,3,384,2023-12-25 03:48:40.288024+00:00
658,3,385,2023-12-25 03:48:40.315189+00:00
659,3,386,2023-12-25 03:48:40.339838+00:00
660,3,387,2023-12-25 03:48:40.366857+00:00
661,3,390,2023-12-25 03:48:40.395347+00:00
662,3,391,2023-12-25 03:48:40.421326+00:00
663,3,392,2023-12-25 03:48:40.450315+00:00
664,3,396,2023-12-25 03:48:40.475828+00:00
665,3,397,2023-12-25 03:48:40.502280+00:00
666,3,399,2023-12-25 03:48:40.528774+00:00
667,3,400,2023-12-25 03:48:40.558340+00:00
668,3,402,2023-12-25 03:48:40.584511+00:00
669,3,404,2023-12-25 03:48:40.613351+00:00
670,3,408,2023-12-25 03:48:40.641398+00:00
671,3,409,2023-12-25 03:48:40.668037+00:00
672,3,410,2023-12-25 03:48:40.696085+00:00
673,3,412,2023-12-25 03:48:40.726789+00:00
674,3,413,2023-12-25 03:48:40.752949+00:00
675,3,416,2023-12-25 03:48:40.777993+00:00
676,3,419,2023-12-25 03:48:40.806098+00:00
677,3,420,2023-12-25 03:48:40.833213+00:00
678,3,422,2023-12-25 03:48:40.859809+00:00
679,3,423,2023-12-25 03:48:40.887181+00:00
680,3,426,2023-12-25 03:48:40.912987+00:00
681,3,427,2023-12-25 03:48:40.941005+00:00
682,3,428,2023-12-25 03:48:40.968669+00:00
683,3,429,2023-12-25 03:48:40.993921+00:00
684,3,430,2023-12-25 03:48:41.020032+00:00
685,3,431,2023-12-25 03:48:41.052083+00:00
686,3,432,2023-12-25 03:48:41.077567+00:00
687,3,433,2023-12-25 03:48:41.107804+00:00
688,3,434,2023-12-25 03:48:41.138696+00:00
689,3,435,2023-12-25 03:48:41.166380+00:00
690,3,440,2023-12-25 03:48:41.193238+00:00
691,3,446,2023-12-25 03:48:41.223023+00:00
692,3,447,2023-12-25 03:48:41.252680+00:00
693,3,448,2023-12-25 03:48:41.278232+00:00
694,3,449,2023-12-25 03:48:41.305704+00:00
695,3,450,2023-12-25 03:48:41.332913+00:00
696,3,452,2023-12-25 03:48:41.362080+00:00
697,3,453,2023-12-25 03:48:41.390156+00:00
698,3,455,2023-12-25 03:48:41.417012+00:00
699,3,457,2023-12-25 03:48:41.445438+00:00
700,3,459,2023-12-25 03:48:41.475286+00:00
701,3,462,2023-12-25 03:48:41.503253+00:00
702,3,463,2023-12-25 03:48:41.531358+00:00
703,3,464,2023-12-25 03:48:41.558918+00:00
704,3,465,2023-12-25 03:48:41.586507+00:00
705,3,468,2023-12-25 03:48:41.614038+00:00
706,3,474,2023-12-25 03:48:41.644004+00:00
707,5,362,2023-12-25 03:49:19.398039+00:00
708,5,368,2023-12-25 03:49:19.434041+00:00
709,5,371,2023-12-25 03:49:19.460301+00:00
710,5,372,2023-12-25 03:49:19.487516+00:00
711,5,373,2023-12-25 03:49:19.521952+00:00
712,5,374,2023-12-25 03:49:19.550684+00:00
713,5,377,2023-12-25 03:49:19.577066+00:00
714,5,381,2023-12-25 03:49:19.604012+00:00
715,5,382,2023-12-25 03:49:19.633585+00:00
716,5,383,2023-12-25 03:49:19.659865+00:00
717,5,384,2023-12-25 03:49:19.690265+00:00
718,5,385,2023-12-25 03:49:19.716964+00:00
719,5,386,2023-12-25 03:49:19.744599+00:00
720,5,387,2023-12-25 03:49:19.771581+00:00
721,5,390,2023-12-25 03:49:19.799995+00:00
722,5,391,2023-12-25 03:49:19.825384+00:00
723,5,392,2023-12-25 03:49:19.852247+00:00
724,5,396,2023-12-25 03:49:19.881361+00:00
725,5,397,2023-12-25 03:49:19.907682+00:00
726,5,399,2023-12-25 03:49:19.934184+00:00
727,5,400,2023-12-25 03:49:19.961429+00:00
728,5,402,2023-12-25 03:49:19.985949+00:00
729,5,404,2023-12-25 03:49:20.017475+00:00
730,5,408,2023-12-25 03:49:20.047366+00:00
731,5,409,2023-12-25 03:49:20.080423+00:00
732,5,410,2023-12-25 03:49:20.107675+00:00
733,5,412,2023-12-25 03:49:20.135002+00:00
734,5,413,2023-12-25 03:49:20.162287+00:00
735,5,416,2023-12-25 03:49:20.188735+00:00
736,5,419,2023-12-25 03:49:20.215677+00:00
737,5,420,2023-12-25 03:49:20.243996+00:00
738,5,422,2023-12-25 03:49:20.271888+00:00
739,5,423,2023-12-25 03:49:20.299034+00:00
740,5,426,2023-12-25 03:49:20.325182+00:00
741,5,427,2023-12-25 03:49:20.350616+00:00
742,5,428,2023-12-25 03:49:20.378036+00:00
743,5,429,2023-12-25 03:49:20.404529+00:00
744,5,430,2023-12-25 03:49:20.434941+00:00
745,5,431,2023-12-25 03:49:20.462760+00:00
746,5,432,2023-12-25 03:49:20.491907+00:00
747,5,433,2023-12-25 03:49:20.520514+00:00
748,5,434,2023-12-25 03:49:20.550597+00:00
749,5,435,2023-12-25 03:49:20.582225+00:00
750,5,440,2023-12-25 03:49:20.610492+00:00
751,5,446,2023-12-25 03:49:20.636662+00:00
752,5,447,2023-12-25 03:49:20.665083+00:00
753,5,448,2023-12-25 03:49:20.691685+00:00
754,5,449,2023-12-25 03:49:20.719469+00:00
755,5,450,2023-12-25 03:49:20.748014+00:00
756,5,452,2023-12-25 03:49:20.778073+00:00
757,5,453,2023-12-25 03:49:20.807537+00:00
758,5,455,2023-12-25 03:49:20.834920+00:00
759,5,457,2023-12-25 03:49:20.865147+00:00
760,5,459,2023-12-25 03:49:20.892198+00:00
761,5,462,2023-12-25 03:49:20.924607+00:00
762,5,463,2023-12-25 03:49:20.954431+00:00
763,5,464,2023-12-25 03:49:20.981648+00:00
764,5,465,2023-12-25 03:49:21.007212+00:00
765,5,468,2023-12-25 03:49:21.035934+00:00
766,5,474,2023-12-25 03:49:21.062744+00:00
767,6,362,2023-12-25 03:55:54.790793+00:00
768,6,368,2023-12-25 03:55:54.820895+00:00
769,6,371,2023-12-25 03:55:54.849585+00:00
770,6,372,2023-12-25 03:55:54.878012+00:00
771,6,373,2023-12-25 03:55:54.904460+00:00
772,6,374,2023-12-25 03:55:54.935780+00:00
773,6,377,2023-12-25 03:55:54.963966+00:00
774,6,381,2023-12-25 03:55:54.992296+00:00
775,6,382,2023-12-25 03:55:55.021424+00:00
776,6,383,2023-12-25 03:55:55.052435+00:00
777,6,384,2023-12-25 03:55:55.080689+00:00
778,6,385,2023-12-25 03:55:55.110053+00:00
779,6,386,2023-12-25 03:55:55.139327+00:00
780,6,387,2023-12-25 03:55:55.167485+00:00
781,6,390,2023-12-25 03:55:55.197906+00:00
782,6,391,2023-12-25 03:55:55.226903+00:00
783,6,392,2023-12-25 03:55:55.312200+00:00
784,6,396,2023-12-25 03:55:55.361614+00:00
785,6,397,2023-12-25 03:55:55.393081+00:00
786,6,399,2023-12-25 03:55:55.425332+00:00
787,6,400,2023-12-25 03:55:55.455181+00:00
788,6,402,2023-12-25 03:55:55.484946+00:00
789,6,404,2023-12-25 03:55:55.515138+00:00
790,6,408,2023-12-25 03:55:55.544885+00:00
791,6,409,2023-12-25 03:55:55.575059+00:00
792,6,410,2023-12-25 03:55:55.606134+00:00
793,6,412,2023-12-25 03:55:55.640100+00:00
794,6,413,2023-12-25 03:55:55.675901+00:00
795,6,416,2023-12-25 03:55:55.712070+00:00
796,6,419,2023-12-25 03:55:55.748216+00:00
797,6,420,2023-12-25 03:55:55.787459+00:00
798,6,422,2023-12-25 03:55:55.826831+00:00
799,6,423,2023-12-25 03:55:55.871113+00:00
800,6,426,2023-12-25 03:55:55.910906+00:00
801,6,427,2023-12-25 03:55:55.943656+00:00
802,6,428,2023-12-25 03:55:56.042080+00:00
803,6,429,2023-12-25 03:55:56.082329+00:00
804,6,430,2023-12-25 03:55:56.130340+00:00
805,6,431,2023-12-25 03:55:56.167274+00:00
806,6,432,2023-12-25 03:55:56.198458+00:00
807,6,433,2023-12-25 03:55:56.229070+00:00
808,6,434,2023-12-25 03:55:56.258634+00:00
809,6,435,2023-12-25 03:55:56.290161+00:00
810,6,440,2023-12-25 03:55:56.318305+00:00
811,6,446,2023-12-25 03:55:56.346569+00:00
812,6,447,2023-12-25 03:55:56.377457+00:00
813,6,448,2023-12-25 03:55:56.421293+00:00
814,6,449,2023-12-25 03:55:56.456823+00:00
815,6,450,2023-12-25 03:55:56.487082+00:00
816,6,452,2023-12-25 03:55:56.519022+00:00
817,6,453,2023-12-25 03:55:56.549472+00:00
818,6,455,2023-12-25 03:55:56.578804+00:00
819,6,457,2023-12-25 03:55:56.612345+00:00
820,6,459,2023-12-25 03:55:56.639854+00:00
821,6,462,2023-12-25 03:55:56.668242+00:00
822,6,463,2023-12-25 03:55:56.697357+00:00
823,6,464,2023-12-25 03:55:56.725551+00:00
824,6,465,2023-12-25 03:55:56.754860+00:00
825,6,468,2023-12-25 03:55:56.784067+00:00
826,6,474,2023-12-25 03:55:56.812841+00:00
827,4,362,2023-12-25 03:57:19.246998+00:00
828,4,368,2023-12-25 03:57:19.280050+00:00
829,4,371,2023-12-25 03:57:19.309049+00:00
830,4,372,2023-12-25 03:57:19.338785+00:00
831,4,373,2023-12-25 03:57:19.366611+00:00
832,4,374,2023-12-25 03:57:19.397296+00:00
833,4,377,2023-12-25 03:57:19.426321+00:00
834,4,381,2023-12-25 03:57:19.451959+00:00
835,4,382,2023-12-25 03:57:19.479620+00:00
836,4,383,2023-12-25 03:57:19.509707+00:00
837,4,384,2023-12-25 03:57:19.535633+00:00
838,4,385,2023-12-25 03:57:19.564781+00:00
839,4,386,2023-12-25 03:57:19.591423+00:00
840,4,387,2023-12-25 03:57:19.618505+00:00
841,4,390,2023-12-25 03:57:19.646204+00:00
842,4,391,2023-12-25 03:57:19.674203+00:00
843,4,392,2023-12-25 03:57:19.701475+00:00
844,4,396,2023-12-25 03:57:19.726944+00:00
845,4,397,2023-12-25 03:57:19.755234+00:00
846,4,399,2023-12-25 03:57:19.783107+00:00
847,4,400,2023-12-25 03:57:19.810113+00:00
848,4,402,2023-12-25 03:57:19.836506+00:00
849,4,404,2023-12-25 03:57:19.865752+00:00
850,4,408,2023-12-25 03:57:19.894713+00:00
851,4,409,2023-12-25 03:57:19.923911+00:00
852,4,410,2023-12-25 03:57:19.950031+00:00
853,4,412,2023-12-25 03:57:19.978478+00:00
854,4,413,2023-12-25 03:57:20.008153+00:00
855,4,416,2023-12-25 03:57:20.037309+00:00
856,4,419,2023-12-25 03:57:20.066221+00:00
857,4,420,2023-12-25 03:57:20.095189+00:00
858,4,422,2023-12-25 03:57:20.120488+00:00
859,4,423,2023-12-25 03:57:20.147508+00:00
860,4,426,2023-12-25 03:57:20.175393+00:00
861,4,427,2023-12-25 03:57:20.201903+00:00
862,4,428,2023-12-25 03:57:20.230253+00:00
863,4,429,2023-12-25 03:57:20.256756+00:00
864,4,430,2023-12-25 03:57:20.284055+00:00
865,4,431,2023-12-25 03:57:20.312525+00:00
866,4,432,2023-12-25 03:57:20.340493+00:00
867,4,433,2023-12-25 03:57:20.370568+00:00
868,4,434,2023-12-25 03:57:20.401305+00:00
869,4,435,2023-12-25 03:57:20.431396+00:00
870,4,440,2023-12-25 03:57:20.462058+00:00
871,4,446,2023-12-25 03:57:20.491151+00:00
872,4,447,2023-12-25 03:57:20.520167+00:00
873,4,448,2023-12-25 03:57:20.549216+00:00
874,4,449,2023-12-25 03:57:20.578050+00:00
875,4,450,2023-12-25 03:57:20.605104+00:00
876,4,452,2023-12-25 03:57:20.634697+00:00
877,4,453,2023-12-25 03:57:20.663485+00:00
878,4,455,2023-12-25 03:57:20.691525+00:00
879,4,457,2023-12-25 03:57:20.719519+00:00
880,4,459,2023-12-25 03:57:20.747992+00:00
881,4,462,2023-12-25 03:57:20.775266+00:00
882,4,463,2023-12-25 03:57:20.807151+00:00
883,4,464,2023-12-25 03:57:20.836655+00:00
884,4,465,2023-12-25 03:57:20.863853+00:00
885,4,468,2023-12-25 03:57:20.894376+00:00
886,4,474,2023-12-25 03:57:20.930080+00:00
887,10,361,2023-12-25 04:55:53.818907+00:00
888,10,363,2023-12-25 04:55:53.847731+00:00
889,10,364,2023-12-25 04:55:53.875176+00:00
890,10,365,2023-12-25 04:55:53.900700+00:00
891,10,366,2023-12-25 04:55:53.928451+00:00
892,10,367,2023-12-25 04:55:53.954336+00:00
893,10,369,2023-12-25 04:55:53.981386+00:00
894,10,370,2023-12-25 04:55:54.007599+00:00
895,10,375,2023-12-25 04:55:54.033358+00:00
896,10,376,2023-12-25 04:55:54.061371+00:00
897,10,378,2023-12-25 04:55:54.091246+00:00
898,10,379,2023-12-25 04:55:54.114273+00:00
899,10,380,2023-12-25 04:55:54.141550+00:00
900,10,388,2023-12-25 04:55:54.167930+00:00
901,10,389,2023-12-25 04:55:54.195275+00:00
902,10,393,2023-12-25 04:55:54.220955+00:00
903,10,394,2023-12-25 04:55:54.246759+00:00
904,10,395,2023-12-25 04:55:54.272205+00:00
905,10,398,2023-12-25 04:55:54.298265+00:00
906,10,401,2023-12-25 04:55:54.325787+00:00
907,10,403,2023-12-25 04:55:54.350764+00:00
908,10,405,2023-12-25 04:55:54.377416+00:00
909,10,406,2023-12-25 04:55:54.403160+00:00
910,10,407,2023-12-25 04:55:54.433567+00:00
911,10,411,2023-12-25 04:55:54.462589+00:00
912,10,414,2023-12-25 04:55:54.487694+00:00
913,10,415,2023-12-25 04:55:54.514320+00:00
914,10,417,2023-12-25 04:55:54.541371+00:00
915,10,418,2023-12-25 04:55:54.568286+00:00
916,10,421,2023-12-25 04:55:54.595776+00:00
917,10,424,2023-12-25 04:55:54.621009+00:00
918,10,425,2023-12-25 04:55:54.647743+00:00
919,10,436,2023-12-25 04:55:54.675941+00:00
920,10,437,2023-12-25 04:55:54.701356+00:00
921,10,438,2023-12-25 04:55:54.728986+00:00
922,10,439,2023-12-25 04:55:54.754708+00:00
923,10,441,2023-12-25 04:55:54.782249+00:00
924,10,442,2023-12-25 04:55:54.808391+00:00
925,10,443,2023-12-25 04:55:54.836596+00:00
926,10,444,2023-12-25 04:55:54.863714+00:00
927,10,445,2023-12-25 04:55:54.891843+00:00
928,10,451,2023-12-25 04:55:54.920141+00:00
929,10,454,2023-12-25 04:55:54.947891+00:00
930,10,456,2023-12-25 04:55:54.977021+00:00
931,10,458,2023-12-25 04:55:55.006070+00:00
932,10,460,2023-12-25 04:55:55.033987+00:00
933,10,461,2023-12-25 04:55:55.061828+00:00
934,10,466,2023-12-25 04:55:55.094591+00:00
935,10,467,2023-12-25 04:55:55.122857+00:00
936,10,469,2023-12-25 04:55:55.150793+00:00
937,10,470,2023-12-25 04:55:55.176067+00:00
938,10,471,2023-12-25 04:55:55.203249+00:00
939,10,472,2023-12-25 04:55:55.227744+00:00
940,10,473,2023-12-25 04:55:55.254903+00:00
941,10,475,2023-12-25 04:55:55.280005+00:00
942,10,476,2023-12-25 04:55:55.308200+00:00
943,10,477,2023-12-25 04:55:55.335703+00:00
944,10,478,2023-12-25 04:55:55.362317+00:00
945,10,479,2023-12-25 04:55:55.387347+00:00
946,10,480,2023-12-25 04:55:55.415384+00:00
947,8,361,2023-12-25 04:56:10.436961+00:00
948,8,363,2023-12-25 04:56:10.465592+00:00
949,8,364,2023-12-25 04:56:10.494249+00:00
950,8,365,2023-12-25 04:56:10.519166+00:00
951,8,366,2023-12-25 04:56:10.545025+00:00
952,8,367,2023-12-25 04:56:10.571657+00:00
953,8,369,2023-12-25 04:56:10.596243+00:00
954,8,375,2023-12-25 04:56:10.622761+00:00
955,8,376,2023-12-25 04:56:10.650264+00:00
956,8,378,2023-12-25 04:56:10.675443+00:00
957,8,379,2023-12-25 04:56:10.702096+00:00
958,8,380,2023-12-25 04:56:10.729710+00:00
959,8,388,2023-12-25 04:56:10.755248+00:00
960,8,389,2023-12-25 04:56:10.783508+00:00
961,8,393,2023-12-25 04:56:10.809164+00:00
962,8,394,2023-12-25 04:56:10.836155+00:00
963,8,395,2023-12-25 04:56:10.862891+00:00
964,8,398,2023-12-25 04:56:10.890326+00:00
965,8,401,2023-12-25 04:56:10.919346+00:00
966,8,403,2023-12-25 04:56:10.946005+00:00
967,8,405,2023-12-25 04:56:10.971812+00:00
968,8,406,2023-12-25 04:56:10.997663+00:00
969,8,407,2023-12-25 04:56:11.027187+00:00
970,8,411,2023-12-25 04:56:11.056249+00:00
971,8,414,2023-12-25 04:56:11.086551+00:00
972,8,415,2023-12-25 04:56:11.111345+00:00
973,8,417,2023-12-25 04:56:11.137610+00:00
974,8,418,2023-12-25 04:56:11.163878+00:00
975,8,421,2023-12-25 04:56:11.188881+00:00
976,8,424,2023-12-25 04:56:11.217064+00:00
977,8,425,2023-12-25 04:56:11.242347+00:00
978,8,436,2023-12-25 04:56:11.267968+00:00
979,8,437,2023-12-25 04:56:11.295986+00:00
980,8,438,2023-12-25 04:56:11.321700+00:00
981,8,439,2023-12-25 04:56:11.348555+00:00
982,8,441,2023-12-25 04:56:11.374356+00:00
983,8,442,2023-12-25 04:56:11.400902+00:00
984,8,443,2023-12-25 04:56:11.432187+00:00
985,8,444,2023-12-25 04:56:11.461231+00:00
986,8,445,2023-12-25 04:56:11.488489+00:00
987,8,451,2023-12-25 04:56:11.526285+00:00
988,8,454,2023-12-25 04:56:11.554384+00:00
989,8,456,2023-12-25 04:56:11.582879+00:00
990,8,458,2023-12-25 04:56:11.614518+00:00
991,8,460,2023-12-25 04:56:11.642118+00:00
992,8,461,2023-12-25 04:56:11.671037+00:00
993,8,466,2023-12-25 04:56:11.698538+00:00
994,8,467,2023-12-25 04:56:11.726255+00:00
995,8,469,2023-12-25 04:56:11.754060+00:00
996,8,470,2023-12-25 04:56:11.780051+00:00
997,8,471,2023-12-25 04:56:11.805373+00:00
998,8,472,2023-12-25 04:56:11.831478+00:00
999,8,473,2023-12-25 04:56:11.857000+00:00
1000,8,475,2023-12-25 04:56:11.886786+00:00
1001,8,476,2023-12-25 04:56:11.911169+00:00
1002,8,477,2023-12-25 04:56:11.938003+00:00
1003,8,478,2023-12-25 04:56:11.966368+00:00
1004,8,479,2023-12-25 04:56:11.992085+00:00
1005,8,480,2023-12-25 04:56:12.020350+00:00
1006,9,361,2023-12-25 04:56:44.772601+00:00
1007,9,363,2023-12-25 04:56:44.816906+00:00
1008,9,364,2023-12-25 04:56:44.861829+00:00
1009,9,365,2023-12-25 04:56:45.021382+00:00
1010,9,366,2023-12-25 04:56:45.153920+00:00
1011,9,367,2023-12-25 04:56:45.316607+00:00
1012,9,369,2023-12-25 04:56:45.482638+00:00
1013,9,370,2023-12-25 04:56:45.642300+00:00
1014,9,375,2023-12-25 04:56:45.827028+00:00
1015,9,376,2023-12-25 04:56:45.919823+00:00
1016,9,378,2023-12-25 04:56:45.953060+00:00
1017,9,379,2023-12-25 04:56:45.979424+00:00
1018,9,380,2023-12-25 04:56:46.009270+00:00
1019,9,388,2023-12-25 04:56:46.039847+00:00
1020,9,389,2023-12-25 04:56:46.068850+00:00
1021,9,393,2023-12-25 04:56:46.097605+00:00
1022,9,394,2023-12-25 04:56:46.124266+00:00
1023,9,395,2023-12-25 04:56:46.151417+00:00
1024,9,398,2023-12-25 04:56:46.179361+00:00
1025,9,401,2023-12-25 04:56:46.205927+00:00
1026,9,403,2023-12-25 04:56:46.233717+00:00
1027,9,405,2023-12-25 04:56:46.259285+00:00
1028,9,406,2023-12-25 04:56:46.285956+00:00
1029,9,407,2023-12-25 04:56:46.313355+00:00
1030,9,411,2023-12-25 04:56:46.339767+00:00
1031,9,414,2023-12-25 04:56:46.368237+00:00
1032,9,415,2023-12-25 04:56:46.395653+00:00
1033,9,417,2023-12-25 04:56:46.424660+00:00
1034,9,418,2023-12-25 04:56:46.459159+00:00
1035,9,421,2023-12-25 04:56:46.489692+00:00
1036,9,424,2023-12-25 04:56:46.515896+00:00
1037,9,425,2023-12-25 04:56:46.544754+00:00
1038,9,436,2023-12-25 04:56:46.573090+00:00
1039,9,437,2023-12-25 04:56:46.602789+00:00
1040,9,438,2023-12-25 04:56:46.631607+00:00
1041,9,439,2023-12-25 04:56:46.659050+00:00
1042,9,441,2023-12-25 04:56:46.685069+00:00
1043,9,443,2023-12-25 04:56:46.711359+00:00
1044,9,444,2023-12-25 04:56:46.741874+00:00
1045,9,454,2023-12-25 04:56:46.770709+00:00
1046,9,456,2023-12-25 04:56:46.796439+00:00
1047,9,458,2023-12-25 04:56:46.824555+00:00
1048,9,460,2023-12-25 04:56:46.851321+00:00
1049,9,461,2023-12-25 04:56:46.877094+00:00
1050,9,466,2023-12-25 04:56:46.903366+00:00
1051,9,467,2023-12-25 04:56:46.928773+00:00
1052,9,470,2023-12-25 04:56:46.956822+00:00
1053,9,471,2023-12-25 04:56:46.984409+00:00
1054,9,473,2023-12-25 04:56:47.016199+00:00
1055,9,476,2023-12-25 04:56:47.044545+00:00
1056,9,477,2023-12-25 04:56:47.072535+00:00
1057,9,478,2023-12-25 04:56:47.098521+00:00
1058,9,479,2023-12-25 04:56:47.125641+00:00
1059,9,480,2023-12-25 04:56:47.152876+00:00
1060,11,361,2023-12-25 05:00:01.223046+00:00
1061,11,363,2023-12-25 05:00:01.252568+00:00
1062,11,364,2023-12-25 05:00:01.279384+00:00
1063,11,365,2023-12-25 05:00:01.307326+00:00
1064,11,366,2023-12-25 05:00:01.333927+00:00
1065,11,367,2023-12-25 05:00:01.360577+00:00
1066,11,369,2023-12-25 05:00:01.387968+00:00
1067,11,370,2023-12-25 05:00:01.413836+00:00
1068,11,375,2023-12-25 05:00:01.442177+00:00
1069,11,376,2023-12-25 05:00:01.467235+00:00
1070,11,378,2023-12-25 05:00:01.495471+00:00
1071,11,379,2023-12-25 05:00:01.521575+00:00
1072,11,380,2023-12-25 05:00:01.549130+00:00
1073,11,388,2023-12-25 05:00:01.582498+00:00
1074,11,389,2023-12-25 05:00:01.611056+00:00
1075,11,393,2023-12-25 05:00:01.638726+00:00
1076,11,394,2023-12-25 05:00:01.665003+00:00
1077,11,395,2023-12-25 05:00:01.692374+00:00
1078,11,398,2023-12-25 05:00:01.721275+00:00
1079,11,401,2023-12-25 05:00:01.748818+00:00
1080,11,403,2023-12-25 05:00:01.777672+00:00
1081,11,405,2023-12-25 05:00:01.806491+00:00
1082,11,406,2023-12-25 05:00:01.866186+00:00
1083,11,407,2023-12-25 05:00:01.898369+00:00
1084,11,411,2023-12-25 05:00:01.926438+00:00
1085,11,414,2023-12-25 05:00:01.955291+00:00
1086,11,415,2023-12-25 05:00:01.982850+00:00
1087,11,417,2023-12-25 05:00:02.014100+00:00
1088,11,418,2023-12-25 05:00:02.043452+00:00
1089,11,421,2023-12-25 05:00:02.072601+00:00
1090,11,424,2023-12-25 05:00:02.100977+00:00
1091,11,425,2023-12-25 05:00:02.128745+00:00
1092,11,436,2023-12-25 05:00:02.156785+00:00
1093,11,437,2023-12-25 05:00:02.182523+00:00
1094,11,438,2023-12-25 05:00:02.208573+00:00
1095,11,439,2023-12-25 05:00:02.238937+00:00
1096,11,441,2023-12-25 05:00:02.267363+00:00
1097,11,442,2023-12-25 05:00:02.298931+00:00
1098,11,443,2023-12-25 05:00:02.327464+00:00
1099,11,444,2023-12-25 05:00:02.356306+00:00
1100,11,445,2023-12-25 05:00:02.390435+00:00
1101,11,451,2023-12-25 05:00:02.422853+00:00
1102,11,454,2023-12-25 05:00:02.452960+00:00
1103,11,456,2023-12-25 05:00:02.483507+00:00
1104,11,458,2023-12-25 05:00:02.511891+00:00
1105,11,460,2023-12-25 05:00:02.545036+00:00
1106,11,461,2023-12-25 05:00:02.574406+00:00
1107,11,466,2023-12-25 05:00:02.604712+00:00
1108,11,467,2023-12-25 05:00:02.635858+00:00
1109,11,469,2023-12-25 05:00:02.665026+00:00
1110,11,470,2023-12-25 05:00:02.697338+00:00
1111,11,471,2023-12-25 05:00:02.733337+00:00
1112,11,472,2023-12-25 05:00:02.767880+00:00
1113,11,473,2023-12-25 05:00:02.802864+00:00
1114,11,475,2023-12-25 05:00:02.838691+00:00
1115,8,162,2023-12-25 05:50:26.035267+00:00
1116,8,167,2023-12-25 05:50:26.064790+00:00
1117,8,170,2023-12-25 05:50:26.090523+00:00
1118,8,171,2023-12-25 05:50:26.119150+00:00
1119,8,173,2023-12-25 05:50:26.146933+00:00
1120,8,178,2023-12-25 05:50:26.175587+00:00
1121,8,181,2023-12-25 05:50:26.201546+00:00
1122,8,182,2023-12-25 05:50:26.227727+00:00
1123,8,184,2023-12-25 05:50:26.259077+00:00
1124,8,189,2023-12-25 05:50:26.285321+00:00
1125,8,190,2023-12-25 05:50:26.312061+00:00
1126,8,191,2023-12-25 05:50:26.338977+00:00
1127,8,200,2023-12-25 05:50:26.364485+00:00
1128,8,202,2023-12-25 05:50:26.393087+00:00
1129,8,203,2023-12-25 05:50:26.419227+00:00
1130,8,205,2023-12-25 05:50:26.445721+00:00
1131,8,211,2023-12-25 05:50:26.471546+00:00
1132,8,212,2023-12-25 05:50:26.497597+00:00
1133,8,213,2023-12-25 05:50:26.523849+00:00
1134,8,220,2023-12-25 05:50:26.551840+00:00
1135,8,221,2023-12-25 05:50:26.578917+00:00
1136,8,222,2023-12-25 05:50:26.603902+00:00
1137,8,223,2023-12-25 05:50:26.633205+00:00
1138,8,226,2023-12-25 05:50:26.663677+00:00
1139,8,229,2023-12-25 05:50:26.690561+00:00
1140,8,232,2023-12-25 05:50:26.721062+00:00
1141,8,234,2023-12-25 05:50:26.748201+00:00
1142,8,237,2023-12-25 05:50:26.777233+00:00
1143,8,238,2023-12-25 05:50:26.806290+00:00
1144,8,239,2023-12-25 05:50:26.835854+00:00
1145,8,240,2023-12-25 05:50:26.861941+00:00
1146,8,246,2023-12-25 05:50:26.889243+00:00
1147,8,250,2023-12-25 05:50:26.914412+00:00
1148,8,251,2023-12-25 05:50:26.943338+00:00
1149,8,256,2023-12-25 05:50:26.969041+00:00
1150,8,257,2023-12-25 05:50:26.993810+00:00
1151,8,259,2023-12-25 05:50:27.020576+00:00
1152,8,267,2023-12-25 05:50:27.048323+00:00
1153,8,269,2023-12-25 05:50:27.078397+00:00
1154,8,270,2023-12-25 05:50:27.105982+00:00
1155,8,273,2023-12-25 05:50:27.132985+00:00
1156,8,274,2023-12-25 05:50:27.159927+00:00
1157,8,275,2023-12-25 05:50:27.189746+00:00
1158,8,276,2023-12-25 05:50:27.222921+00:00
1159,8,277,2023-12-25 05:50:27.249758+00:00
1160,8,279,2023-12-25 05:50:27.280326+00:00
1161,8,282,2023-12-25 05:50:27.306983+00:00
1162,8,283,2023-12-25 05:50:27.338121+00:00
1163,8,284,2023-12-25 05:50:27.365428+00:00
1164,8,285,2023-12-25 05:50:27.393001+00:00
1165,8,286,2023-12-25 05:50:27.418764+00:00
1166,8,289,2023-12-25 05:50:27.450009+00:00
1167,8,291,2023-12-25 05:50:27.479171+00:00
1168,8,292,2023-12-25 05:50:27.508348+00:00
1169,8,296,2023-12-25 05:50:27.535750+00:00
1170,8,298,2023-12-25 05:50:27.560958+00:00
1171,8,301,2023-12-25 05:50:27.587911+00:00
1172,8,303,2023-12-25 05:50:27.615629+00:00
1173,8,304,2023-12-25 05:50:27.643629+00:00
1174,8,307,2023-12-25 05:50:27.671998+00:00
1175,8,308,2023-12-25 05:50:27.702498+00:00
1176,8,312,2023-12-25 05:50:27.733492+00:00
1177,8,313,2023-12-25 05:50:27.768048+00:00
1178,8,318,2023-12-25 05:50:27.794702+00:00
1179,8,323,2023-12-25 05:50:27.823403+00:00
1180,8,331,2023-12-25 05:50:27.850471+00:00
1181,8,334,2023-12-25 05:50:27.880844+00:00
1182,8,338,2023-12-25 05:50:27.907151+00:00
1183,8,339,2023-12-25 05:50:27.934644+00:00
1184,8,341,2023-12-25 05:50:27.961568+00:00
1185,8,344,2023-12-25 05:50:27.988538+00:00
1186,8,350,2023-12-25 05:50:28.014994+00:00
1187,8,351,2023-12-25 05:50:28.040158+00:00
1188,8,353,2023-12-25 05:50:28.067271+00:00
1189,8,355,2023-12-25 05:50:28.092635+00:00
1190,8,357,2023-12-25 05:50:28.120514+00:00
1191,8,359,2023-12-25 05:50:28.145990+00:00
1192,8,162,2023-12-25 05:50:28.344852+00:00
1193,8,167,2023-12-25 05:50:28.397545+00:00
1194,8,170,2023-12-25 05:50:28.428135+00:00
1195,8,171,2023-12-25 05:50:28.456856+00:00
1196,8,173,2023-12-25 05:50:28.483474+00:00
1197,8,178,2023-12-25 05:50:28.509350+00:00
1198,8,181,2023-12-25 05:50:28.534761+00:00
1199,8,182,2023-12-25 05:50:28.574841+00:00
1200,8,184,2023-12-25 05:50:28.604449+00:00
1201,8,189,2023-12-25 05:50:28.646714+00:00
1202,8,190,2023-12-25 05:50:28.672853+00:00
1203,8,191,2023-12-25 05:50:28.732945+00:00
1204,8,200,2023-12-25 05:50:28.771147+00:00
1205,8,202,2023-12-25 05:50:28.801294+00:00
1206,8,203,2023-12-25 05:50:28.856297+00:00
1207,8,205,2023-12-25 05:50:28.887409+00:00
1208,8,211,2023-12-25 05:50:28.927826+00:00
1209,8,212,2023-12-25 05:50:28.956852+00:00
1210,8,213,2023-12-25 05:50:28.996589+00:00
1211,8,220,2023-12-25 05:50:29.024216+00:00
1212,8,221,2023-12-25 05:50:29.064451+00:00
1213,8,222,2023-12-25 05:50:29.090812+00:00
1214,8,223,2023-12-25 05:50:29.117462+00:00
1215,8,226,2023-12-25 05:50:29.158974+00:00
1216,8,229,2023-12-25 05:50:29.196690+00:00
1217,8,232,2023-12-25 05:50:29.235511+00:00
1218,8,234,2023-12-25 05:50:29.263429+00:00
1219,8,237,2023-12-25 05:50:29.304316+00:00
1220,8,238,2023-12-25 05:50:29.331728+00:00
1221,8,239,2023-12-25 05:50:29.359207+00:00
1222,8,240,2023-12-25 05:50:29.385891+00:00
1223,8,246,2023-12-25 05:50:29.413598+00:00
1224,8,250,2023-12-25 05:50:29.443875+00:00
1225,8,251,2023-12-25 05:50:29.487117+00:00
1226,8,256,2023-12-25 05:50:29.511796+00:00
1227,8,257,2023-12-25 05:50:29.557240+00:00
1228,8,162,2023-12-25 05:50:29.576697+00:00
1229,8,167,2023-12-25 05:50:29.607678+00:00
1230,8,170,2023-12-25 05:50:29.635273+00:00
1231,8,171,2023-12-25 05:50:29.676754+00:00
1232,8,259,2023-12-25 05:50:29.709092+00:00
1233,8,267,2023-12-25 05:50:29.763427+00:00
1234,8,269,2023-12-25 05:50:29.790801+00:00
1235,8,270,2023-12-25 05:50:29.834491+00:00
1236,8,273,2023-12-25 05:50:29.863640+00:00
1237,8,274,2023-12-25 05:50:29.903366+00:00
1238,8,275,2023-12-25 05:50:29.931995+00:00
1239,8,276,2023-12-25 05:50:29.981696+00:00
1240,8,277,2023-12-25 05:50:30.019578+00:00
1241,8,279,2023-12-25 05:50:30.090977+00:00
1242,8,282,2023-12-25 05:50:30.120432+00:00
1243,8,283,2023-12-25 05:50:30.161092+00:00
1244,8,284,2023-12-25 05:50:30.186558+00:00
1245,8,285,2023-12-25 05:50:30.213900+00:00
1246,8,286,2023-12-25 05:50:30.254726+00:00
1247,8,289,2023-12-25 05:50:30.284864+00:00
1248,8,291,2023-12-25 05:50:30.324095+00:00
1249,8,292,2023-12-25 05:50:30.362583+00:00
1250,8,296,2023-12-25 05:50:30.403428+00:00
1251,8,298,2023-12-25 05:50:30.443534+00:00
1252,8,301,2023-12-25 05:50:30.471868+00:00
1253,8,303,2023-12-25 05:50:30.516608+00:00
1254,8,304,2023-12-25 05:50:30.546495+00:00
1255,8,307,2023-12-25 05:50:30.576285+00:00
1256,8,308,2023-12-25 05:50:30.613385+00:00
1257,8,312,2023-12-25 05:50:30.653640+00:00
1258,8,313,2023-12-25 05:50:30.680716+00:00
1259,8,318,2023-12-25 05:50:30.721379+00:00
1260,8,323,2023-12-25 05:50:30.762476+00:00
1261,8,331,2023-12-25 05:50:30.790645+00:00
1262,8,334,2023-12-25 05:50:30.834114+00:00
1263,8,338,2023-12-25 05:50:30.860066+00:00
1264,8,339,2023-12-25 05:50:30.886478+00:00
1265,8,341,2023-12-25 05:50:30.944032+00:00
1266,8,344,2023-12-25 05:50:30.969730+00:00
1267,8,350,2023-12-25 05:50:30.997516+00:00
1268,8,351,2023-12-25 05:50:31.037140+00:00
1269,8,353,2023-12-25 05:50:31.066265+00:00
1270,8,355,2023-12-25 05:50:31.108478+00:00
1271,8,357,2023-12-25 05:50:31.136032+00:00
1272,8,359,2023-12-25 05:50:31.193629+00:00
1273,8,162,2023-12-25 05:50:45.669020+00:00
1274,8,167,2023-12-25 05:50:45.709126+00:00
1275,8,170,2023-12-25 05:50:45.737136+00:00
1276,8,171,2023-12-25 05:50:45.762669+00:00
1277,8,173,2023-12-25 05:50:45.789815+00:00
1278,8,178,2023-12-25 05:50:45.816536+00:00
1279,8,181,2023-12-25 05:50:45.844517+00:00
1280,8,182,2023-12-25 05:50:45.869581+00:00
1281,8,184,2023-12-25 05:50:45.896841+00:00
1282,8,189,2023-12-25 05:50:45.923673+00:00
1283,8,190,2023-12-25 05:50:45.950636+00:00
1284,8,191,2023-12-25 05:50:45.979248+00:00
1285,8,200,2023-12-25 05:50:46.003855+00:00
1286,8,202,2023-12-25 05:50:46.032332+00:00
1287,8,203,2023-12-25 05:50:46.058517+00:00
1288,8,205,2023-12-25 05:50:46.083570+00:00
1289,8,211,2023-12-25 05:50:46.111270+00:00
1290,8,212,2023-12-25 05:50:46.134392+00:00
1291,8,213,2023-12-25 05:50:46.161685+00:00
1292,8,220,2023-12-25 05:50:46.186632+00:00
1293,8,221,2023-12-25 05:50:46.214419+00:00
1294,8,222,2023-12-25 05:50:46.238640+00:00
1295,8,223,2023-12-25 05:50:46.266890+00:00
1296,8,226,2023-12-25 05:50:46.294280+00:00
1297,8,229,2023-12-25 05:50:46.321393+00:00
1298,8,232,2023-12-25 05:50:46.349463+00:00
1299,8,234,2023-12-25 05:50:46.377268+00:00
1300,8,237,2023-12-25 05:50:46.405695+00:00
1301,8,238,2023-12-25 05:50:46.432640+00:00
1302,8,239,2023-12-25 05:50:46.459697+00:00
1303,8,240,2023-12-25 05:50:46.486866+00:00
1304,8,246,2023-12-25 05:50:46.513259+00:00
1305,8,250,2023-12-25 05:50:46.541331+00:00
1306,8,251,2023-12-25 05:50:46.567850+00:00
1307,8,256,2023-12-25 05:50:46.595787+00:00
1308,8,257,2023-12-25 05:50:46.626364+00:00
1309,8,259,2023-12-25 05:50:46.653906+00:00
1310,8,267,2023-12-25 05:50:46.681707+00:00
1311,8,269,2023-12-25 05:50:46.706801+00:00
1312,8,270,2023-12-25 05:50:46.735221+00:00
1313,8,273,2023-12-25 05:50:46.764511+00:00
1314,8,274,2023-12-25 05:50:46.792537+00:00
1315,8,275,2023-12-25 05:50:46.822768+00:00
1316,8,276,2023-12-25 05:50:46.853212+00:00
1317,8,277,2023-12-25 05:50:46.880272+00:00
1318,8,279,2023-12-25 05:50:46.909456+00:00
1319,8,282,2023-12-25 05:50:46.939477+00:00
1320,8,283,2023-12-25 05:50:46.967754+00:00
1321,8,284,2023-12-25 05:50:46.997650+00:00
1322,8,285,2023-12-25 05:50:47.025700+00:00
1323,8,286,2023-12-25 05:50:47.056015+00:00
1324,8,289,2023-12-25 05:50:47.082980+00:00
1325,8,291,2023-12-25 05:50:47.109767+00:00
1326,8,292,2023-12-25 05:50:47.136716+00:00
1327,8,296,2023-12-25 05:50:47.166970+00:00
1328,8,298,2023-12-25 05:50:47.193965+00:00
1329,8,301,2023-12-25 05:50:47.221414+00:00
1330,8,303,2023-12-25 05:50:47.249550+00:00
1331,8,304,2023-12-25 05:50:47.275215+00:00
1332,8,307,2023-12-25 05:50:47.302175+00:00
1333,8,308,2023-12-25 05:50:47.333553+00:00
1334,8,312,2023-12-25 05:50:47.362663+00:00
1335,8,313,2023-12-25 05:50:47.394210+00:00
1336,8,318,2023-12-25 05:50:47.423525+00:00
1337,8,323,2023-12-25 05:50:47.450313+00:00
1338,8,331,2023-12-25 05:50:47.480475+00:00
1339,8,334,2023-12-25 05:50:47.506954+00:00
1340,8,338,2023-12-25 05:50:47.537754+00:00
1341,8,339,2023-12-25 05:50:47.563184+00:00
1342,8,341,2023-12-25 05:50:47.590500+00:00
1343,8,344,2023-12-25 05:50:47.616337+00:00
1344,8,350,2023-12-25 05:50:47.646102+00:00
1345,8,351,2023-12-25 05:50:47.673561+00:00
1346,8,353,2023-12-25 05:50:47.700397+00:00
1347,8,355,2023-12-25 05:50:47.726361+00:00
1348,8,357,2023-12-25 05:50:47.754381+00:00
1349,8,359,2023-12-25 05:50:47.782491+00:00
1350,9,162,2023-12-25 05:51:30.400204+00:00
1351,9,167,2023-12-25 05:51:30.434457+00:00
1352,9,170,2023-12-25 05:51:30.461598+00:00
1353,9,171,2023-12-25 05:51:30.488640+00:00
1354,9,173,2023-12-25 05:51:30.514031+00:00
1355,9,178,2023-12-25 05:51:30.541602+00:00
1356,9,181,2023-12-25 05:51:30.569748+00:00
1357,9,182,2023-12-25 05:51:30.595928+00:00
1358,9,184,2023-12-25 05:51:30.623840+00:00
1359,9,189,2023-12-25 05:51:30.648014+00:00
1360,9,190,2023-12-25 05:51:30.676044+00:00
1361,9,191,2023-12-25 05:51:30.704281+00:00
1362,9,200,2023-12-25 05:51:30.730162+00:00
1363,9,202,2023-12-25 05:51:30.756268+00:00
1364,9,203,2023-12-25 05:51:30.793677+00:00
1365,9,205,2023-12-25 05:51:30.820320+00:00
1366,9,211,2023-12-25 05:51:30.845202+00:00
1367,9,212,2023-12-25 05:51:30.886576+00:00
1368,9,213,2023-12-25 05:51:30.915793+00:00
1369,9,220,2023-12-25 05:51:30.942108+00:00
1370,9,221,2023-12-25 05:51:30.970818+00:00
1371,9,222,2023-12-25 05:51:30.996070+00:00
1372,9,223,2023-12-25 05:51:31.026434+00:00
1373,9,226,2023-12-25 05:51:31.056025+00:00
1374,9,229,2023-12-25 05:51:31.084624+00:00
1375,9,232,2023-12-25 05:51:31.113623+00:00
1376,9,237,2023-12-25 05:51:31.150537+00:00
1377,9,238,2023-12-25 05:51:31.179480+00:00
1378,9,239,2023-12-25 05:51:31.207824+00:00
1379,9,240,2023-12-25 05:51:31.234560+00:00
1380,9,246,2023-12-25 05:51:31.263681+00:00
1381,9,250,2023-12-25 05:51:31.294759+00:00
1382,9,251,2023-12-25 05:51:31.321532+00:00
1383,9,256,2023-12-25 05:51:31.350389+00:00
1384,9,257,2023-12-25 05:51:31.379492+00:00
1385,9,259,2023-12-25 05:51:31.407956+00:00
1386,9,267,2023-12-25 05:51:31.439098+00:00
1387,9,269,2023-12-25 05:51:31.466785+00:00
1388,9,270,2023-12-25 05:51:31.497550+00:00
1389,9,273,2023-12-25 05:51:31.527697+00:00
1390,9,274,2023-12-25 05:51:31.558579+00:00
1391,9,275,2023-12-25 05:51:31.590549+00:00
1392,9,276,2023-12-25 05:51:31.619457+00:00
1393,9,277,2023-12-25 05:51:31.650428+00:00
1394,9,279,2023-12-25 05:51:31.680407+00:00
1395,9,281,2023-12-25 05:51:31.707949+00:00
1396,9,282,2023-12-25 05:51:31.735841+00:00
1397,9,283,2023-12-25 05:51:31.761490+00:00
1398,9,284,2023-12-25 05:51:31.790627+00:00
1399,9,285,2023-12-25 05:51:31.817833+00:00
1400,9,286,2023-12-25 05:51:31.846243+00:00
1401,9,289,2023-12-25 05:51:31.872865+00:00
1402,9,291,2023-12-25 05:51:31.902079+00:00
1403,9,292,2023-12-25 05:51:31.928239+00:00
1404,9,296,2023-12-25 05:51:31.955075+00:00
1405,9,298,2023-12-25 05:51:31.983281+00:00
1406,9,301,2023-12-25 05:51:32.009424+00:00
1407,9,303,2023-12-25 05:51:32.037608+00:00
1408,9,304,2023-12-25 05:51:32.069170+00:00
1409,9,308,2023-12-25 05:51:32.099175+00:00
1410,9,312,2023-12-25 05:51:32.130389+00:00
1411,9,313,2023-12-25 05:51:32.156206+00:00
1412,9,318,2023-12-25 05:51:32.185519+00:00
1413,9,323,2023-12-25 05:51:32.212922+00:00
1414,9,330,2023-12-25 05:51:32.240879+00:00
1415,9,331,2023-12-25 05:51:32.265960+00:00
1416,9,334,2023-12-25 05:51:32.291818+00:00
1417,9,338,2023-12-25 05:51:32.320437+00:00
1418,9,339,2023-12-25 05:51:32.345979+00:00
1419,9,344,2023-12-25 05:51:32.379068+00:00
1420,9,350,2023-12-25 05:51:32.404424+00:00
1421,9,351,2023-12-25 05:51:32.430645+00:00
1422,9,353,2023-12-25 05:51:32.458450+00:00
1423,9,355,2023-12-25 05:51:32.486677+00:00
1424,9,359,2023-12-25 05:51:32.520325+00:00
1425,10,162,2023-12-25 05:51:51.988955+00:00
1426,10,167,2023-12-25 05:51:52.020059+00:00
1427,10,170,2023-12-25 05:51:52.048384+00:00
1428,10,171,2023-12-25 05:51:52.076128+00:00
1429,10,173,2023-12-25 05:51:52.100092+00:00
1430,10,175,2023-12-25 05:51:52.125956+00:00
1431,10,178,2023-12-25 05:51:52.152477+00:00
1432,10,181,2023-12-25 05:51:52.179733+00:00
1433,10,182,2023-12-25 05:51:52.206971+00:00
1434,10,184,2023-12-25 05:51:52.234527+00:00
1435,10,189,2023-12-25 05:51:52.262011+00:00
1436,10,190,2023-12-25 05:51:52.289910+00:00
1437,10,191,2023-12-25 05:51:52.317926+00:00
1438,10,200,2023-12-25 05:51:52.344360+00:00
1439,10,202,2023-12-25 05:51:52.372668+00:00
1440,10,203,2023-12-25 05:51:52.398690+00:00
1441,10,205,2023-12-25 05:51:52.425187+00:00
1442,10,211,2023-12-25 05:51:52.453350+00:00
1443,10,212,2023-12-25 05:51:52.478741+00:00
1444,10,213,2023-12-25 05:51:52.506197+00:00
1445,10,220,2023-12-25 05:51:52.533014+00:00
1446,10,221,2023-12-25 05:51:52.559430+00:00
1447,10,222,2023-12-25 05:51:52.587845+00:00
1448,10,223,2023-12-25 05:51:52.616847+00:00
1449,10,226,2023-12-25 05:51:52.646734+00:00
1450,10,229,2023-12-25 05:51:52.672876+00:00
1451,10,232,2023-12-25 05:51:52.701552+00:00
1452,10,234,2023-12-25 05:51:52.727558+00:00
1453,10,237,2023-12-25 05:51:52.758387+00:00
1454,10,238,2023-12-25 05:51:52.787255+00:00
1455,10,239,2023-12-25 05:51:52.815081+00:00
1456,10,240,2023-12-25 05:51:52.841334+00:00
1457,10,246,2023-12-25 05:51:52.866398+00:00
1458,10,250,2023-12-25 05:51:52.894459+00:00
1459,10,251,2023-12-25 05:51:52.920311+00:00
1460,10,256,2023-12-25 05:51:52.948309+00:00
1461,10,257,2023-12-25 05:51:52.974611+00:00
1462,10,259,2023-12-25 05:51:53.002950+00:00
1463,10,267,2023-12-25 05:51:53.030346+00:00
1464,10,269,2023-12-25 05:51:53.058269+00:00
1465,10,270,2023-12-25 05:51:53.087357+00:00
1466,10,273,2023-12-25 05:51:53.116342+00:00
1467,10,274,2023-12-25 05:51:53.151959+00:00
1468,10,275,2023-12-25 05:51:53.183592+00:00
1469,10,276,2023-12-25 05:51:53.214184+00:00
1470,10,277,2023-12-25 05:51:53.244421+00:00
1471,10,279,2023-12-25 05:51:53.272337+00:00
1472,10,281,2023-12-25 05:51:53.302616+00:00
1473,10,282,2023-12-25 05:51:53.331464+00:00
1474,10,283,2023-12-25 05:51:53.359981+00:00
1475,10,284,2023-12-25 05:51:53.386683+00:00
1476,10,285,2023-12-25 05:51:53.414196+00:00
1477,10,286,2023-12-25 05:51:53.443453+00:00
1478,10,289,2023-12-25 05:51:53.472075+00:00
1479,10,291,2023-12-25 05:51:53.498545+00:00
1480,10,292,2023-12-25 05:51:53.527725+00:00
1481,10,296,2023-12-25 05:51:53.556428+00:00
1482,10,298,2023-12-25 05:51:53.589774+00:00
1483,10,301,2023-12-25 05:51:53.616684+00:00
1484,10,303,2023-12-25 05:51:53.647097+00:00
1485,10,304,2023-12-25 05:51:53.679469+00:00
1486,10,307,2023-12-25 05:51:53.707678+00:00
1487,10,308,2023-12-25 05:51:53.735631+00:00
1488,10,312,2023-12-25 05:51:53.763552+00:00
1489,10,313,2023-12-25 05:51:53.789941+00:00
1490,10,318,2023-12-25 05:51:53.817677+00:00
1491,10,323,2023-12-25 05:51:53.846889+00:00
1492,10,330,2023-12-25 05:51:53.875176+00:00
1493,10,331,2023-12-25 05:51:53.904841+00:00
1494,10,334,2023-12-25 05:51:53.931862+00:00
1495,10,338,2023-12-25 05:51:53.960625+00:00
1496,10,339,2023-12-25 05:51:53.986894+00:00
1497,10,341,2023-12-25 05:51:54.014865+00:00
1498,10,344,2023-12-25 05:51:54.041984+00:00
1499,10,350,2023-12-25 05:51:54.065608+00:00
1500,10,351,2023-12-25 05:51:54.093283+00:00
1501,10,353,2023-12-25 05:51:54.121891+00:00
1502,10,355,2023-12-25 05:51:54.149096+00:00
1503,10,357,2023-12-25 05:51:54.179360+00:00
1504,10,359,2023-12-25 05:51:54.210263+00:00
1505,11,162,2023-12-25 05:57:51.936407+00:00
1506,11,167,2023-12-25 05:57:51.967049+00:00
1507,11,170,2023-12-25 05:57:51.993061+00:00
1508,11,171,2023-12-25 05:57:52.019857+00:00
1509,11,173,2023-12-25 05:57:52.048240+00:00
1510,11,175,2023-12-25 05:57:52.072883+00:00
1511,11,178,2023-12-25 05:57:52.101378+00:00
1512,11,181,2023-12-25 05:57:52.130814+00:00
1513,11,182,2023-12-25 05:57:52.157493+00:00
1514,11,184,2023-12-25 05:57:52.182661+00:00
1515,11,189,2023-12-25 05:57:52.208525+00:00
1516,11,190,2023-12-25 05:57:52.235649+00:00
1517,11,191,2023-12-25 05:57:52.260896+00:00
1518,11,200,2023-12-25 05:57:52.288448+00:00
1519,11,202,2023-12-25 05:57:52.314409+00:00
1520,11,203,2023-12-25 05:57:52.339500+00:00
1521,11,205,2023-12-25 05:57:52.365901+00:00
1522,11,211,2023-12-25 05:57:52.391448+00:00
1523,11,212,2023-12-25 05:57:52.418755+00:00
1524,11,213,2023-12-25 05:57:52.444044+00:00
1525,11,220,2023-12-25 05:57:52.472382+00:00
1526,11,221,2023-12-25 05:57:52.498130+00:00
1527,11,222,2023-12-25 05:57:52.527673+00:00
1528,11,223,2023-12-25 05:57:52.556042+00:00
1529,11,226,2023-12-25 05:57:52.584039+00:00
1530,11,229,2023-12-25 05:57:52.612223+00:00
1531,11,232,2023-12-25 05:57:52.639256+00:00
1532,11,234,2023-12-25 05:57:52.669492+00:00
1533,11,237,2023-12-25 05:57:52.696895+00:00
1534,11,238,2023-12-25 05:57:52.733577+00:00
1535,11,239,2023-12-25 05:57:52.762384+00:00
1536,11,240,2023-12-25 05:57:52.789972+00:00
1537,11,246,2023-12-25 05:57:52.820023+00:00
1538,11,250,2023-12-25 05:57:52.848208+00:00
1539,11,251,2023-12-25 05:57:52.872497+00:00
1540,11,256,2023-12-25 05:57:52.898183+00:00
1541,11,257,2023-12-25 05:57:52.926057+00:00
1542,11,259,2023-12-25 05:57:52.955092+00:00
1543,11,267,2023-12-25 05:57:52.982883+00:00
1544,11,269,2023-12-25 05:57:53.009916+00:00
1545,11,270,2023-12-25 05:57:53.037808+00:00
1546,11,273,2023-12-25 05:57:53.071099+00:00
1547,11,274,2023-12-25 05:57:53.104986+00:00
1548,11,275,2023-12-25 05:57:53.133540+00:00
1549,11,276,2023-12-25 05:57:53.165293+00:00
1550,11,277,2023-12-25 05:57:53.194797+00:00
1551,11,279,2023-12-25 05:57:53.223039+00:00
1552,11,281,2023-12-25 05:57:53.251612+00:00
1553,11,282,2023-12-25 05:57:53.276999+00:00
1554,11,283,2023-12-25 05:57:53.303820+00:00
1555,11,284,2023-12-25 05:57:53.335241+00:00
1556,11,285,2023-12-25 05:57:53.362734+00:00
1557,11,286,2023-12-25 05:57:53.389705+00:00
1558,11,289,2023-12-25 05:57:53.415822+00:00
1559,11,291,2023-12-25 05:57:53.442672+00:00
1560,11,292,2023-12-25 05:57:53.469660+00:00
1561,11,296,2023-12-25 05:57:53.495861+00:00
1562,11,298,2023-12-25 05:57:53.526102+00:00
1563,11,301,2023-12-25 05:57:53.551815+00:00
1564,11,303,2023-12-25 05:57:53.582509+00:00
1565,11,304,2023-12-25 05:57:53.613971+00:00
1566,11,307,2023-12-25 05:57:53.643199+00:00
1567,11,308,2023-12-25 05:57:53.671528+00:00
1568,12,361,2023-12-25 06:48:01.017242+00:00
1569,12,363,2023-12-25 06:48:01.046900+00:00
1570,12,364,2023-12-25 06:48:01.071645+00:00
1571,12,365,2023-12-25 06:48:01.099264+00:00
1572,12,366,2023-12-25 06:48:01.124757+00:00
1573,12,367,2023-12-25 06:48:01.150829+00:00
1574,12,369,2023-12-25 06:48:01.178052+00:00
1575,12,370,2023-12-25 06:48:01.205066+00:00
1576,12,375,2023-12-25 06:48:01.230886+00:00
1577,12,376,2023-12-25 06:48:01.258404+00:00
1578,12,378,2023-12-25 06:48:01.284665+00:00
1579,12,379,2023-12-25 06:48:01.312418+00:00
1580,12,380,2023-12-25 06:48:01.337680+00:00
1581,12,388,2023-12-25 06:48:01.365575+00:00
1582,12,389,2023-12-25 06:48:01.391109+00:00
1583,12,393,2023-12-25 06:48:01.420111+00:00
1584,12,394,2023-12-25 06:48:01.447414+00:00
1585,12,395,2023-12-25 06:48:01.472660+00:00
1586,12,398,2023-12-25 06:48:01.499294+00:00
1587,12,401,2023-12-25 06:48:01.527144+00:00
1588,12,403,2023-12-25 06:48:01.553101+00:00
1589,12,405,2023-12-25 06:48:01.578286+00:00
1590,12,406,2023-12-25 06:48:01.606940+00:00
1591,12,407,2023-12-25 06:48:01.636952+00:00
1592,12,411,2023-12-25 06:48:01.664917+00:00
1593,12,414,2023-12-25 06:48:01.694437+00:00
1594,12,415,2023-12-25 06:48:01.721121+00:00
1595,12,417,2023-12-25 06:48:01.747915+00:00
1596,12,418,2023-12-25 06:48:01.775544+00:00
1597,12,421,2023-12-25 06:48:01.802270+00:00
1598,12,424,2023-12-25 06:48:01.828005+00:00
1599,12,425,2023-12-25 06:48:01.854113+00:00
1600,12,436,2023-12-25 06:48:01.881336+00:00
1601,12,437,2023-12-25 06:48:01.908919+00:00
1602,12,438,2023-12-25 06:48:01.934561+00:00
1603,12,439,2023-12-25 06:48:01.962640+00:00
1604,12,441,2023-12-25 06:48:01.988718+00:00
1605,12,442,2023-12-25 06:48:02.015214+00:00
1606,12,443,2023-12-25 06:48:02.046129+00:00
1607,12,444,2023-12-25 06:48:02.075718+00:00
1608,12,445,2023-12-25 06:48:02.103687+00:00
1609,12,451,2023-12-25 06:48:02.130142+00:00
1610,12,454,2023-12-25 06:48:02.159771+00:00
1611,12,456,2023-12-25 06:48:02.189629+00:00
1612,12,460,2023-12-25 06:48:02.222735+00:00
1613,12,461,2023-12-25 06:48:02.250863+00:00
1614,12,466,2023-12-25 06:48:02.277818+00:00
1615,12,467,2023-12-25 06:48:02.304935+00:00
1616,12,469,2023-12-25 06:48:02.329835+00:00
1617,12,470,2023-12-25 06:48:02.359794+00:00
1618,12,471,2023-12-25 06:48:02.384579+00:00
1619,12,472,2023-12-25 06:48:02.411900+00:00
1620,12,473,2023-12-25 06:48:02.440771+00:00
1621,12,475,2023-12-25 06:48:02.468856+00:00
1622,12,476,2023-12-25 06:48:02.498094+00:00
1623,12,477,2023-12-25 06:48:02.524967+00:00
1624,12,478,2023-12-25 06:48:02.551123+00:00
1625,12,479,2023-12-25 06:48:02.579191+00:00
1626,12,480,2023-12-25 06:48:02.608009+00:00
1627,12,361,2023-12-25 06:48:03.347295+00:00
1628,12,363,2023-12-25 06:48:03.377849+00:00
1629,12,364,2023-12-25 06:48:03.403993+00:00
1630,12,365,2023-12-25 06:48:03.435137+00:00
1631,12,366,2023-12-25 06:48:03.463378+00:00
1632,12,367,2023-12-25 06:48:03.489740+00:00
1633,12,369,2023-12-25 06:48:03.516188+00:00
1634,12,370,2023-12-25 06:48:03.547137+00:00
1635,12,375,2023-12-25 06:48:03.574027+00:00
1636,12,376,2023-12-25 06:48:03.602674+00:00
1637,12,378,2023-12-25 06:48:03.628602+00:00
1638,12,379,2023-12-25 06:48:03.657486+00:00
1639,12,380,2023-12-25 06:48:03.683801+00:00
1640,12,388,2023-12-25 06:48:03.713764+00:00
1641,12,389,2023-12-25 06:48:03.741192+00:00
1642,12,393,2023-12-25 06:48:03.767628+00:00
1643,12,394,2023-12-25 06:48:03.799402+00:00
1644,12,395,2023-12-25 06:48:03.832740+00:00
1645,12,398,2023-12-25 06:48:03.862114+00:00
1646,12,401,2023-12-25 06:48:03.888190+00:00
1647,12,403,2023-12-25 06:48:03.921063+00:00
1648,12,405,2023-12-25 06:48:03.949210+00:00
1649,12,406,2023-12-25 06:48:03.976228+00:00
1650,12,407,2023-12-25 06:48:04.003095+00:00
1651,12,411,2023-12-25 06:48:04.031351+00:00
1652,12,414,2023-12-25 06:48:04.062907+00:00
1653,12,415,2023-12-25 06:48:04.094233+00:00
1654,12,417,2023-12-25 06:48:04.122898+00:00
1655,12,418,2023-12-25 06:48:04.150328+00:00
1656,12,421,2023-12-25 06:48:04.193223+00:00
1657,12,424,2023-12-25 06:48:04.221873+00:00
1658,12,425,2023-12-25 06:48:04.264862+00:00
1659,12,436,2023-12-25 06:48:04.293469+00:00
1660,12,437,2023-12-25 06:48:04.324891+00:00
1661,12,438,2023-12-25 06:48:04.356667+00:00
1662,12,361,2023-12-25 06:48:04.223902+00:00
1663,12,439,2023-12-25 06:48:04.414083+00:00
1664,12,441,2023-12-25 06:48:04.441700+00:00
1665,12,442,2023-12-25 06:48:04.499287+00:00
1666,12,443,2023-12-25 06:48:04.528891+00:00
1667,12,444,2023-12-25 06:48:04.558365+00:00
1668,12,445,2023-12-25 06:48:04.591215+00:00
1669,12,451,2023-12-25 06:48:04.619049+00:00
1670,12,454,2023-12-25 06:48:04.645794+00:00
1671,12,456,2023-12-25 06:48:04.672553+00:00
1672,12,460,2023-12-25 06:48:04.700931+00:00
1673,12,461,2023-12-25 06:48:04.727013+00:00
1674,12,466,2023-12-25 06:48:04.753293+00:00
1675,12,467,2023-12-25 06:48:04.786986+00:00
1676,12,469,2023-12-25 06:48:04.814318+00:00
1677,12,470,2023-12-25 06:48:04.842101+00:00
1678,12,471,2023-12-25 06:48:04.870968+00:00
1679,12,472,2023-12-25 06:48:04.899498+00:00
1680,12,473,2023-12-25 06:48:04.928828+00:00
1681,12,475,2023-12-25 06:48:04.956476+00:00
1682,12,476,2023-12-25 06:48:04.983981+00:00
1683,12,477,2023-12-25 06:48:05.013189+00:00
1684,12,478,2023-12-25 06:48:05.041907+00:00
1685,12,479,2023-12-25 06:48:05.070117+00:00
1686,12,480,2023-12-25 06:48:05.096822+00:00
1687,12,361,2023-12-25 06:48:29.734429+00:00
1688,12,363,2023-12-25 06:48:29.775142+00:00
1689,12,364,2023-12-25 06:48:29.804569+00:00
1690,12,365,2023-12-25 06:48:29.834494+00:00
1691,12,366,2023-12-25 06:48:29.861528+00:00
1692,12,367,2023-12-25 06:48:29.888773+00:00
1693,12,369,2023-12-25 06:48:29.915820+00:00
1694,12,370,2023-12-25 06:48:29.943008+00:00
1695,12,375,2023-12-25 06:48:29.972528+00:00
1696,12,376,2023-12-25 06:48:29.999692+00:00
1697,12,378,2023-12-25 06:48:30.025444+00:00
1698,12,379,2023-12-25 06:48:30.051244+00:00
1699,12,380,2023-12-25 06:48:30.077117+00:00
1700,12,388,2023-12-25 06:48:30.104482+00:00
1701,12,389,2023-12-25 06:48:30.130500+00:00
1702,12,393,2023-12-25 06:48:30.156712+00:00
1703,12,394,2023-12-25 06:48:30.184211+00:00
1704,12,395,2023-12-25 06:48:30.212036+00:00
1705,12,398,2023-12-25 06:48:30.237950+00:00
1706,12,401,2023-12-25 06:48:30.265800+00:00
1707,12,403,2023-12-25 06:48:30.292647+00:00
1708,12,405,2023-12-25 06:48:30.320044+00:00
1709,12,406,2023-12-25 06:48:30.348621+00:00
1710,12,407,2023-12-25 06:48:30.377866+00:00
1711,12,411,2023-12-25 06:48:30.405295+00:00
1712,12,414,2023-12-25 06:48:30.432286+00:00
1713,12,415,2023-12-25 06:48:30.459668+00:00
1714,12,417,2023-12-25 06:48:30.489634+00:00
1715,12,418,2023-12-25 06:48:30.519445+00:00
1716,12,421,2023-12-25 06:48:30.545381+00:00
1717,12,424,2023-12-25 06:48:30.570942+00:00
1718,12,425,2023-12-25 06:48:30.598783+00:00
1719,12,436,2023-12-25 06:48:30.625806+00:00
1720,12,437,2023-12-25 06:48:30.651804+00:00
1721,12,438,2023-12-25 06:48:30.677534+00:00
1722,12,439,2023-12-25 06:48:30.703299+00:00
1723,12,441,2023-12-25 06:48:30.731462+00:00
1724,12,442,2023-12-25 06:48:30.759231+00:00
1725,12,443,2023-12-25 06:48:30.784990+00:00
1726,12,444,2023-12-25 06:48:30.812651+00:00
1727,12,445,2023-12-25 06:48:30.844362+00:00
1728,12,451,2023-12-25 06:48:30.876037+00:00
1729,12,454,2023-12-25 06:48:30.909130+00:00
1730,12,456,2023-12-25 06:48:30.936274+00:00
1731,12,460,2023-12-25 06:48:30.969252+00:00
1732,12,461,2023-12-25 06:48:30.995766+00:00
1733,12,466,2023-12-25 06:48:31.022948+00:00
1734,12,467,2023-12-25 06:48:31.050739+00:00
1735,12,469,2023-12-25 06:48:31.076056+00:00
1736,12,470,2023-12-25 06:48:31.103267+00:00
1737,12,471,2023-12-25 06:48:31.132952+00:00
1738,12,472,2023-12-25 06:48:31.159580+00:00
1739,12,473,2023-12-25 06:48:31.187151+00:00
1740,12,475,2023-12-25 06:48:31.214369+00:00
1741,12,476,2023-12-25 06:48:31.241250+00:00
1742,12,477,2023-12-25 06:48:31.267410+00:00
1743,12,478,2023-12-25 06:48:31.298117+00:00
1744,12,479,2023-12-25 06:48:31.322442+00:00
1745,12,480,2023-12-25 06:48:31.349431+00:00
1746,13,162,2023-12-25 06:58:19.587666+00:00
1747,13,167,2023-12-25 06:58:19.618114+00:00
1748,13,170,2023-12-25 06:58:19.644562+00:00
1749,13,171,2023-12-25 06:58:19.675990+00:00
1750,13,173,2023-12-25 06:58:19.702876+00:00
1751,13,175,2023-12-25 06:58:19.730527+00:00
1752,13,178,2023-12-25 06:58:19.758251+00:00
1753,13,181,2023-12-25 06:58:19.787150+00:00
1754,13,182,2023-12-25 06:58:19.812659+00:00
1755,13,184,2023-12-25 06:58:19.838759+00:00
1756,13,189,2023-12-25 06:58:19.866651+00:00
1757,13,190,2023-12-25 06:58:19.893519+00:00
1758,13,191,2023-12-25 06:58:19.920700+00:00
1759,13,200,2023-12-25 06:58:19.948388+00:00
1760,13,202,2023-12-25 06:58:19.973127+00:00
1761,13,203,2023-12-25 06:58:20.000423+00:00
1762,13,205,2023-12-25 06:58:20.028125+00:00
1763,13,211,2023-12-25 06:58:20.056145+00:00
1764,13,212,2023-12-25 06:58:20.083100+00:00
1765,13,213,2023-12-25 06:58:20.109862+00:00
1766,13,220,2023-12-25 06:58:20.136233+00:00
1767,13,221,2023-12-25 06:58:20.165641+00:00
1768,13,222,2023-12-25 06:58:20.194239+00:00
1769,13,223,2023-12-25 06:58:20.225046+00:00
1770,13,226,2023-12-25 06:58:20.252705+00:00
1771,13,229,2023-12-25 06:58:20.279442+00:00
1772,13,232,2023-12-25 06:58:20.311203+00:00
1773,13,234,2023-12-25 06:58:20.336773+00:00
1774,13,237,2023-12-25 06:58:20.363467+00:00
1775,13,238,2023-12-25 06:58:20.391666+00:00
1776,13,239,2023-12-25 06:58:20.417262+00:00
1777,13,240,2023-12-25 06:58:20.445254+00:00
1778,13,246,2023-12-25 06:58:20.471335+00:00
1779,13,250,2023-12-25 06:58:20.496582+00:00
1780,13,251,2023-12-25 06:58:20.526724+00:00
1781,13,256,2023-12-25 06:58:20.554607+00:00
1782,13,257,2023-12-25 06:58:20.582421+00:00
1783,13,259,2023-12-25 06:58:20.610016+00:00
1784,13,267,2023-12-25 06:58:20.638350+00:00
1785,13,269,2023-12-25 06:58:20.664737+00:00
1786,13,270,2023-12-25 06:58:20.693890+00:00
1787,13,273,2023-12-25 06:58:20.722560+00:00
1788,13,274,2023-12-25 06:58:20.755548+00:00
1789,13,275,2023-12-25 06:58:20.784118+00:00
1790,13,276,2023-12-25 06:58:20.814735+00:00
1791,13,277,2023-12-25 06:58:20.841732+00:00
1792,13,279,2023-12-25 06:58:20.870319+00:00
1793,13,281,2023-12-25 06:58:20.898690+00:00
1794,13,282,2023-12-25 06:58:20.923691+00:00
1795,13,283,2023-12-25 06:58:20.951356+00:00
1796,13,284,2023-12-25 06:58:20.979117+00:00
1797,13,285,2023-12-25 06:58:21.003580+00:00
1798,13,286,2023-12-25 06:58:21.031002+00:00
1799,13,289,2023-12-25 06:58:21.059698+00:00
1800,13,291,2023-12-25 06:58:21.085473+00:00
1801,13,292,2023-12-25 06:58:21.112291+00:00
1802,13,296,2023-12-25 06:58:21.138533+00:00
1803,13,298,2023-12-25 06:58:21.166571+00:00
1804,13,301,2023-12-25 06:58:21.192306+00:00
1805,13,303,2023-12-25 06:58:21.219653+00:00
1806,13,304,2023-12-25 06:58:21.246811+00:00
1807,13,307,2023-12-25 06:58:21.275156+00:00
1808,13,308,2023-12-25 06:58:21.304264+00:00
1809,13,312,2023-12-25 06:58:21.332225+00:00
1810,13,313,2023-12-25 06:58:21.361146+00:00
1811,13,318,2023-12-25 06:58:21.388012+00:00
1812,13,323,2023-12-25 06:58:21.415965+00:00
1813,13,330,2023-12-25 06:58:21.443423+00:00
1814,13,331,2023-12-25 06:58:21.470024+00:00
1815,13,334,2023-12-25 06:58:21.497414+00:00
1816,13,338,2023-12-25 06:58:21.523997+00:00
1817,13,339,2023-12-25 06:58:21.551355+00:00
1818,13,341,2023-12-25 06:58:21.581858+00:00
1819,13,344,2023-12-25 06:58:21.609157+00:00
1820,13,350,2023-12-25 06:58:21.636460+00:00
1821,13,351,2023-12-25 06:58:21.663240+00:00
1822,13,353,2023-12-25 06:58:21.689873+00:00
1823,13,355,2023-12-25 06:58:21.715419+00:00
1824,13,357,2023-12-25 06:58:21.744541+00:00
1825,13,359,2023-12-25 06:58:21.772750+00:00
1826,14,162,2023-12-25 07:08:54.911094+00:00
1827,14,167,2023-12-25 07:08:54.941749+00:00
1828,14,170,2023-12-25 07:08:54.966697+00:00
1829,14,171,2023-12-25 07:08:54.995569+00:00
1830,14,173,2023-12-25 07:08:55.021093+00:00
1831,14,175,2023-12-25 07:08:55.051661+00:00
1832,14,178,2023-12-25 07:08:55.078921+00:00
1833,14,181,2023-12-25 07:08:55.104424+00:00
1834,14,182,2023-12-25 07:08:55.130628+00:00
1835,14,184,2023-12-25 07:08:55.156097+00:00
1836,14,189,2023-12-25 07:08:55.181382+00:00
1837,14,190,2023-12-25 07:08:55.209524+00:00
1838,14,191,2023-12-25 07:08:55.235047+00:00
1839,14,200,2023-12-25 07:08:55.260588+00:00
1840,14,202,2023-12-25 07:08:55.287934+00:00
1841,14,203,2023-12-25 07:08:55.312951+00:00
1842,14,205,2023-12-25 07:08:55.339194+00:00
1843,14,211,2023-12-25 07:08:55.365738+00:00
1844,14,212,2023-12-25 07:08:55.392791+00:00
1845,14,213,2023-12-25 07:08:55.420046+00:00
1846,14,220,2023-12-25 07:08:55.448148+00:00
1847,14,221,2023-12-25 07:08:55.473287+00:00
1848,14,222,2023-12-25 07:08:55.497703+00:00
1849,14,223,2023-12-25 07:08:55.527095+00:00
1850,14,226,2023-12-25 07:08:55.555086+00:00
1851,14,229,2023-12-25 07:08:55.580772+00:00
1852,14,232,2023-12-25 07:08:55.609007+00:00
1853,14,234,2023-12-25 07:08:55.638056+00:00
1854,14,237,2023-12-25 07:08:55.665366+00:00
1855,14,238,2023-12-25 07:08:55.693547+00:00
1856,14,239,2023-12-25 07:08:55.717827+00:00
1857,14,240,2023-12-25 07:08:55.744063+00:00
1858,14,246,2023-12-25 07:08:55.773006+00:00
1859,14,250,2023-12-25 07:08:55.797991+00:00
1860,14,251,2023-12-25 07:08:55.825509+00:00
1861,14,256,2023-12-25 07:08:55.852697+00:00
1862,14,257,2023-12-25 07:08:55.880490+00:00
1863,14,259,2023-12-25 07:08:55.908627+00:00
1864,14,267,2023-12-25 07:08:55.938222+00:00
1865,14,269,2023-12-25 07:08:55.965367+00:00
1866,14,270,2023-12-25 07:08:55.996563+00:00
1867,14,273,2023-12-25 07:08:56.026131+00:00
1868,14,274,2023-12-25 07:08:56.060593+00:00
1869,14,275,2023-12-25 07:08:56.093123+00:00
1870,14,276,2023-12-25 07:08:56.126538+00:00
1871,14,277,2023-12-25 07:08:56.157094+00:00
1872,14,279,2023-12-25 07:08:56.185879+00:00
1873,14,281,2023-12-25 07:08:56.214334+00:00
1874,14,282,2023-12-25 07:08:56.245561+00:00
1875,14,283,2023-12-25 07:08:56.274810+00:00
1876,14,284,2023-12-25 07:08:56.301941+00:00
1877,14,285,2023-12-25 07:08:56.329970+00:00
1878,14,286,2023-12-25 07:08:56.359009+00:00
1879,14,289,2023-12-25 07:08:56.386474+00:00
1880,14,291,2023-12-25 07:08:56.414630+00:00
1881,14,292,2023-12-25 07:08:56.441888+00:00
1882,14,296,2023-12-25 07:08:56.477060+00:00
1883,14,298,2023-12-25 07:08:56.505752+00:00
1884,14,301,2023-12-25 07:08:56.536909+00:00
1885,14,303,2023-12-25 07:08:56.566550+00:00
1886,14,304,2023-12-25 07:08:56.599246+00:00
1887,14,307,2023-12-25 07:08:56.631125+00:00
1888,14,308,2023-12-25 07:08:56.659577+00:00
1889,14,312,2023-12-25 07:08:56.686442+00:00
1890,14,313,2023-12-25 07:08:56.714235+00:00
1891,14,318,2023-12-25 07:08:56.740945+00:00
1892,14,323,2023-12-25 07:08:56.768841+00:00
1893,14,330,2023-12-25 07:08:56.799037+00:00
1894,14,331,2023-12-25 07:08:56.824789+00:00
1895,14,334,2023-12-25 07:08:56.851586+00:00
1896,14,338,2023-12-25 07:08:56.877362+00:00
1897,14,339,2023-12-25 07:08:56.904623+00:00
1898,14,341,2023-12-25 07:08:56.930695+00:00
1899,14,344,2023-12-25 07:08:56.958242+00:00
1900,14,350,2023-12-25 07:08:56.989231+00:00
1901,14,351,2023-12-25 07:08:57.015466+00:00
1902,14,353,2023-12-25 07:08:57.042549+00:00
1903,14,355,2023-12-25 07:08:57.071063+00:00
1904,14,357,2023-12-25 07:08:57.097005+00:00
1905,14,359,2023-12-25 07:08:57.124146+00:00
1906,13,361,2023-12-25 07:43:47.012406+00:00
1907,13,363,2023-12-25 07:43:47.047846+00:00
1908,13,364,2023-12-25 07:43:47.075718+00:00
1909,13,365,2023-12-25 07:43:47.102671+00:00
1910,13,366,2023-12-25 07:43:47.131495+00:00
1911,13,367,2023-12-25 07:43:47.158682+00:00
1912,13,369,2023-12-25 07:43:47.185031+00:00
1913,13,370,2023-12-25 07:43:47.213915+00:00
1914,13,375,2023-12-25 07:43:47.240210+00:00
1915,13,376,2023-12-25 07:43:47.265717+00:00
1916,13,378,2023-12-25 07:43:47.292484+00:00
1917,13,379,2023-12-25 07:43:47.318460+00:00
1918,13,380,2023-12-25 07:43:47.346287+00:00
1919,13,388,2023-12-25 07:43:47.371598+00:00
1920,13,389,2023-12-25 07:43:47.396621+00:00
1921,13,393,2023-12-25 07:43:47.423951+00:00
1922,13,394,2023-12-25 07:43:47.449949+00:00
1923,13,395,2023-12-25 07:43:47.475196+00:00
1924,13,398,2023-12-25 07:43:47.502750+00:00
1925,13,401,2023-12-25 07:43:47.534029+00:00
1926,13,403,2023-12-25 07:43:47.560670+00:00
1927,13,405,2023-12-25 07:43:47.589260+00:00
1928,13,406,2023-12-25 07:43:47.617167+00:00
1929,13,407,2023-12-25 07:43:47.647791+00:00
1930,13,411,2023-12-25 07:43:47.674786+00:00
1931,13,414,2023-12-25 07:43:47.702889+00:00
1932,13,415,2023-12-25 07:43:47.732420+00:00
1933,13,417,2023-12-25 07:43:47.760423+00:00
1934,13,418,2023-12-25 07:43:47.787321+00:00
1935,13,421,2023-12-25 07:43:47.814022+00:00
1936,13,424,2023-12-25 07:43:47.844450+00:00
1937,13,425,2023-12-25 07:43:47.873748+00:00
1938,13,436,2023-12-25 07:43:47.897830+00:00
1939,13,437,2023-12-25 07:43:47.924500+00:00
1940,13,438,2023-12-25 07:43:47.950883+00:00
1941,13,439,2023-12-25 07:43:47.979388+00:00
1942,13,441,2023-12-25 07:43:48.006289+00:00
1943,13,442,2023-12-25 07:43:48.034815+00:00
1944,13,443,2023-12-25 07:43:48.063572+00:00
1945,13,444,2023-12-25 07:43:48.090290+00:00
1946,13,445,2023-12-25 07:43:48.118845+00:00
1947,13,451,2023-12-25 07:43:48.150313+00:00
1948,13,454,2023-12-25 07:43:48.181738+00:00
1949,13,456,2023-12-25 07:43:48.216379+00:00
1950,13,458,2023-12-25 07:43:48.245754+00:00
1951,13,460,2023-12-25 07:43:48.271744+00:00
1952,13,461,2023-12-25 07:43:48.298649+00:00
1953,13,466,2023-12-25 07:43:48.326361+00:00
1954,13,467,2023-12-25 07:43:48.355399+00:00
1955,13,469,2023-12-25 07:43:48.383464+00:00
1956,13,470,2023-12-25 07:43:48.408453+00:00
1957,13,471,2023-12-25 07:43:48.434363+00:00
1958,13,472,2023-12-25 07:43:48.461588+00:00
1959,13,473,2023-12-25 07:43:48.488355+00:00
1960,13,475,2023-12-25 07:43:48.514829+00:00
1961,13,476,2023-12-25 07:43:48.558768+00:00
1962,13,477,2023-12-25 07:43:48.583937+00:00
1963,13,478,2023-12-25 07:43:48.627429+00:00
1964,13,479,2023-12-25 07:43:48.656505+00:00
1965,13,480,2023-12-25 07:43:48.687375+00:00
1966,13,361,2023-12-25 07:43:48.601817+00:00
1967,13,363,2023-12-25 07:43:48.764017+00:00
1968,13,364,2023-12-25 07:43:48.804079+00:00
1969,13,365,2023-12-25 07:43:48.833585+00:00
1970,13,366,2023-12-25 07:43:48.874828+00:00
1971,13,367,2023-12-25 07:43:48.904700+00:00
1972,13,369,2023-12-25 07:43:48.943602+00:00
1973,13,370,2023-12-25 07:43:48.969944+00:00
1974,13,375,2023-12-25 07:43:48.996680+00:00
1975,13,376,2023-12-25 07:43:49.026189+00:00
1976,13,378,2023-12-25 07:43:49.052638+00:00
1977,13,379,2023-12-25 07:43:49.093145+00:00
1978,13,380,2023-12-25 07:43:49.118838+00:00
1979,13,388,2023-12-25 07:43:49.146711+00:00
1980,13,389,2023-12-25 07:43:49.187611+00:00
1981,13,393,2023-12-25 07:43:49.215665+00:00
1982,13,394,2023-12-25 07:43:49.259482+00:00
1983,13,395,2023-12-25 07:43:49.287376+00:00
1984,13,398,2023-12-25 07:43:49.317651+00:00
1985,13,401,2023-12-25 07:43:49.355599+00:00
1986,13,403,2023-12-25 07:43:49.395154+00:00
1987,13,405,2023-12-25 07:43:49.435381+00:00
1988,13,406,2023-12-25 07:43:49.461090+00:00
1989,13,407,2023-12-25 07:43:49.488943+00:00
1990,13,411,2023-12-25 07:43:49.543365+00:00
1991,13,414,2023-12-25 07:43:49.584819+00:00
1992,13,415,2023-12-25 07:43:49.609740+00:00
1993,13,417,2023-12-25 07:43:49.652076+00:00
1994,13,418,2023-12-25 07:43:49.690737+00:00
1995,13,421,2023-12-25 07:43:49.731480+00:00
1996,13,424,2023-12-25 07:43:49.760709+00:00
1997,13,425,2023-12-25 07:43:49.793367+00:00
1998,13,436,2023-12-25 07:43:49.821862+00:00
1999,13,437,2023-12-25 07:43:49.864765+00:00
2000,13,438,2023-12-25 07:43:49.894923+00:00
2001,13,439,2023-12-25 07:43:49.925745+00:00
2002,13,441,2023-12-25 07:43:49.954776+00:00
2003,13,442,2023-12-25 07:43:49.997695+00:00
2004,13,443,2023-12-25 07:43:50.023369+00:00
2005,13,444,2023-12-25 07:43:50.050797+00:00
2006,13,445,2023-12-25 07:43:50.089320+00:00
2007,13,451,2023-12-25 07:43:50.116075+00:00
2008,13,454,2023-12-25 07:43:50.146130+00:00
2009,13,456,2023-12-25 07:43:50.183712+00:00
2010,13,458,2023-12-25 07:43:50.224113+00:00
2011,13,460,2023-12-25 07:43:50.254867+00:00
2012,13,461,2023-12-25 07:43:50.294737+00:00
2013,13,466,2023-12-25 07:43:50.334647+00:00
2014,13,467,2023-12-25 07:43:50.364719+00:00
2015,13,469,2023-12-25 07:43:50.405994+00:00
2016,13,470,2023-12-25 07:43:50.436687+00:00
2017,13,471,2023-12-25 07:43:50.465088+00:00
2018,13,472,2023-12-25 07:43:50.508456+00:00
2019,13,473,2023-12-25 07:43:50.548628+00:00
2020,13,475,2023-12-25 07:43:50.575195+00:00
2021,13,476,2023-12-25 07:43:50.601638+00:00
2022,13,477,2023-12-25 07:43:50.641831+00:00
2023,13,478,2023-12-25 07:43:50.666738+00:00
2024,13,479,2023-12-25 07:43:50.693840+00:00
2025,13,480,2023-12-25 07:43:50.719635+00:00
2026,13,361,2023-12-25 07:43:51.264822+00:00
2027,13,363,2023-12-25 07:43:51.326133+00:00
2028,13,364,2023-12-25 07:43:51.351639+00:00
2029,13,365,2023-12-25 07:43:51.394827+00:00
2030,13,366,2023-12-25 07:43:51.436322+00:00
2031,13,367,2023-12-25 07:43:51.464574+00:00
2032,13,369,2023-12-25 07:43:51.497094+00:00
2033,13,370,2023-12-25 07:43:51.536676+00:00
2034,13,375,2023-12-25 07:43:51.564695+00:00
2035,13,376,2023-12-25 07:43:51.608151+00:00
2036,13,378,2023-12-25 07:43:51.636529+00:00
2037,13,379,2023-12-25 07:43:51.677493+00:00
2038,13,380,2023-12-25 07:43:51.718463+00:00
2039,13,388,2023-12-25 07:43:51.760102+00:00
2040,13,389,2023-12-25 07:43:51.789246+00:00
2041,13,393,2023-12-25 07:43:51.834396+00:00
2042,13,394,2023-12-25 07:43:51.862885+00:00
2043,13,395,2023-12-25 07:43:51.903909+00:00
2044,13,398,2023-12-25 07:43:51.933937+00:00
2045,13,401,2023-12-25 07:43:51.978993+00:00
2046,13,403,2023-12-25 07:43:52.006858+00:00
2047,13,405,2023-12-25 07:43:52.038403+00:00
2048,13,406,2023-12-25 07:43:52.068667+00:00
2049,13,407,2023-12-25 07:43:52.124014+00:00
2050,13,411,2023-12-25 07:43:52.151246+00:00
2051,13,414,2023-12-25 07:43:52.192164+00:00
2052,13,415,2023-12-25 07:43:52.222505+00:00
2053,13,417,2023-12-25 07:43:52.251149+00:00
2054,13,418,2023-12-25 07:43:52.278134+00:00
2055,13,421,2023-12-25 07:43:52.306716+00:00
2056,13,424,2023-12-25 07:43:52.365364+00:00
2057,13,425,2023-12-25 07:43:52.392945+00:00
2058,13,436,2023-12-25 07:43:52.432970+00:00
2059,13,437,2023-12-25 07:43:52.462390+00:00
2060,13,438,2023-12-25 07:43:52.501148+00:00
2061,13,439,2023-12-25 07:43:52.541521+00:00
2062,13,441,2023-12-25 07:43:52.571499+00:00
2063,13,442,2023-12-25 07:43:52.620565+00:00
2064,13,443,2023-12-25 07:43:52.649960+00:00
2065,13,444,2023-12-25 07:43:52.688367+00:00
2066,13,445,2023-12-25 07:43:52.719811+00:00
2067,13,451,2023-12-25 07:43:52.761895+00:00
2068,13,454,2023-12-25 07:43:52.791252+00:00
2069,13,456,2023-12-25 07:43:52.822434+00:00
2070,13,458,2023-12-25 07:43:52.854660+00:00
2071,13,460,2023-12-25 07:43:52.900646+00:00
2072,13,461,2023-12-25 07:43:52.928233+00:00
2073,13,466,2023-12-25 07:43:52.972396+00:00
2074,13,467,2023-12-25 07:43:53.000393+00:00
2075,13,469,2023-12-25 07:43:53.041391+00:00
2076,13,470,2023-12-25 07:43:53.088273+00:00
2077,13,471,2023-12-25 07:43:53.115618+00:00
2078,13,472,2023-12-25 07:43:53.158220+00:00
2079,13,473,2023-12-25 07:43:53.187395+00:00
2080,13,475,2023-12-25 07:43:53.232004+00:00
2081,13,476,2023-12-25 07:43:53.274301+00:00
2082,13,477,2023-12-25 07:43:53.304322+00:00
2083,13,478,2023-12-25 07:43:53.332100+00:00
2084,13,479,2023-12-25 07:43:53.374339+00:00
2085,13,480,2023-12-25 07:43:53.413567+00:00
2086,12,162,2023-12-25 07:47:04.189935+00:00
2087,12,167,2023-12-25 07:47:04.222758+00:00
2088,12,170,2023-12-25 07:47:04.250043+00:00
2089,12,171,2023-12-25 07:47:04.277905+00:00
2090,12,173,2023-12-25 07:47:04.302902+00:00
2091,12,175,2023-12-25 07:47:04.329521+00:00
2092,12,178,2023-12-25 07:47:04.358002+00:00
2093,12,181,2023-12-25 07:47:04.383581+00:00
2094,12,182,2023-12-25 07:47:04.409095+00:00
2095,12,184,2023-12-25 07:47:04.437550+00:00
2096,12,189,2023-12-25 07:47:04.466035+00:00
2097,12,190,2023-12-25 07:47:04.493071+00:00
2098,12,191,2023-12-25 07:47:04.519551+00:00
2099,12,200,2023-12-25 07:47:04.548006+00:00
2100,12,202,2023-12-25 07:47:04.575017+00:00
2101,12,203,2023-12-25 07:47:04.601673+00:00
2102,12,205,2023-12-25 07:47:04.626936+00:00
2103,12,211,2023-12-25 07:47:04.654619+00:00
2104,12,212,2023-12-25 07:47:04.683411+00:00
2105,12,213,2023-12-25 07:47:04.711551+00:00
2106,12,220,2023-12-25 07:47:04.736572+00:00
2107,12,221,2023-12-25 07:47:04.763558+00:00
2108,12,222,2023-12-25 07:47:04.791652+00:00
2109,12,223,2023-12-25 07:47:04.822146+00:00
2110,12,226,2023-12-25 07:47:04.851521+00:00
2111,12,229,2023-12-25 07:47:04.881461+00:00
2112,12,232,2023-12-25 07:47:04.907686+00:00
2113,12,234,2023-12-25 07:47:04.935617+00:00
2114,12,237,2023-12-25 07:47:04.964276+00:00
2115,12,238,2023-12-25 07:47:04.992094+00:00
2116,12,239,2023-12-25 07:47:05.023173+00:00
2117,12,240,2023-12-25 07:47:05.051439+00:00
2118,12,162,2023-12-25 07:47:05.011625+00:00
2119,12,167,2023-12-25 07:47:05.115555+00:00
2120,12,170,2023-12-25 07:47:05.157353+00:00
2121,12,171,2023-12-25 07:47:05.188245+00:00
2122,12,173,2023-12-25 07:47:05.250686+00:00
2123,12,175,2023-12-25 07:47:05.282415+00:00
2124,12,178,2023-12-25 07:47:05.311568+00:00
2125,12,181,2023-12-25 07:47:05.342990+00:00
2126,12,182,2023-12-25 07:47:05.372059+00:00
2127,12,184,2023-12-25 07:47:05.399248+00:00
2128,12,189,2023-12-25 07:47:05.429269+00:00
2129,12,190,2023-12-25 07:47:05.457373+00:00
2130,12,191,2023-12-25 07:47:05.488331+00:00
2131,12,200,2023-12-25 07:47:05.515348+00:00
2132,12,202,2023-12-25 07:47:05.542332+00:00
2133,12,203,2023-12-25 07:47:05.570425+00:00
2134,12,205,2023-12-25 07:47:05.598720+00:00
2135,12,211,2023-12-25 07:47:05.624323+00:00
2136,12,212,2023-12-25 07:47:05.656804+00:00
2137,12,213,2023-12-25 07:47:05.684718+00:00
2138,12,220,2023-12-25 07:47:05.710775+00:00
2139,12,221,2023-12-25 07:47:05.738513+00:00
2140,12,222,2023-12-25 07:47:05.765140+00:00
2141,12,223,2023-12-25 07:47:05.791625+00:00
2142,12,226,2023-12-25 07:47:05.820452+00:00
2143,12,229,2023-12-25 07:47:05.847893+00:00
2144,12,232,2023-12-25 07:47:05.878071+00:00
2145,12,234,2023-12-25 07:47:05.906468+00:00
2146,12,237,2023-12-25 07:47:05.932944+00:00
2147,12,238,2023-12-25 07:47:05.959340+00:00
2148,12,239,2023-12-25 07:47:05.988788+00:00
2149,12,240,2023-12-25 07:47:06.016800+00:00
2150,12,246,2023-12-25 07:47:06.044115+00:00
2151,12,250,2023-12-25 07:47:06.071380+00:00
2152,12,251,2023-12-25 07:47:06.101022+00:00
2153,12,256,2023-12-25 07:47:06.127407+00:00
2154,12,257,2023-12-25 07:47:06.155871+00:00
2155,12,259,2023-12-25 07:47:06.181512+00:00
2156,12,267,2023-12-25 07:47:06.208432+00:00
2157,12,269,2023-12-25 07:47:06.235663+00:00
2158,12,270,2023-12-25 07:47:06.261101+00:00
2159,12,273,2023-12-25 07:47:06.288961+00:00
2160,12,274,2023-12-25 07:47:06.315848+00:00
2161,12,275,2023-12-25 07:47:06.344524+00:00
2162,12,276,2023-12-25 07:47:06.371423+00:00
2163,12,277,2023-12-25 07:47:06.400611+00:00
2164,12,279,2023-12-25 07:47:06.429268+00:00
2165,12,281,2023-12-25 07:47:06.459453+00:00
2166,12,282,2023-12-25 07:47:06.485990+00:00
2167,12,283,2023-12-25 07:47:06.513352+00:00
2168,12,284,2023-12-25 07:47:06.539773+00:00
2169,12,285,2023-12-25 07:47:06.567335+00:00
2170,12,286,2023-12-25 07:47:06.594663+00:00
2171,12,289,2023-12-25 07:47:06.620516+00:00
2172,12,291,2023-12-25 07:47:06.649255+00:00
2173,12,292,2023-12-25 07:47:06.675015+00:00
2174,12,296,2023-12-25 07:47:06.701520+00:00
2175,12,298,2023-12-25 07:47:06.731865+00:00
2176,12,301,2023-12-25 07:47:06.758777+00:00
2177,12,303,2023-12-25 07:47:06.788389+00:00
2178,12,304,2023-12-25 07:47:06.817136+00:00
2179,12,307,2023-12-25 07:47:06.843067+00:00
2180,12,308,2023-12-25 07:47:06.870789+00:00
2181,12,312,2023-12-25 07:47:06.897745+00:00
2182,12,313,2023-12-25 07:47:06.928797+00:00
2183,12,318,2023-12-25 07:47:06.970545+00:00
2184,12,323,2023-12-25 07:47:06.999660+00:00
2185,12,330,2023-12-25 07:47:07.026552+00:00
2186,12,331,2023-12-25 07:47:07.055187+00:00
2187,12,334,2023-12-25 07:47:07.081725+00:00
2188,12,338,2023-12-25 07:47:07.106588+00:00
2189,12,339,2023-12-25 07:47:07.135246+00:00
2190,12,341,2023-12-25 07:47:07.162594+00:00
2191,12,344,2023-12-25 07:47:07.192137+00:00
2192,12,350,2023-12-25 07:47:07.220257+00:00
2193,12,351,2023-12-25 07:47:07.248859+00:00
2194,12,353,2023-12-25 07:47:07.275473+00:00
2195,12,355,2023-12-25 07:47:07.302940+00:00
2196,12,357,2023-12-25 07:47:07.333545+00:00
2197,12,359,2023-12-25 07:47:07.361362+00:00
2198,14,361,2023-12-25 07:56:06.323816+00:00
2199,14,363,2023-12-25 07:56:06.365751+00:00
2200,14,364,2023-12-25 07:56:06.394024+00:00
2201,14,365,2023-12-25 07:56:06.421613+00:00
2202,14,366,2023-12-25 07:56:06.449101+00:00
2203,14,367,2023-12-25 07:56:06.475442+00:00
2204,14,369,2023-12-25 07:56:06.504692+00:00
2205,14,370,2023-12-25 07:56:06.530583+00:00
2206,14,375,2023-12-25 07:56:06.557527+00:00
2207,14,376,2023-12-25 07:56:06.585671+00:00
2208,14,378,2023-12-25 07:56:06.610909+00:00
2209,14,379,2023-12-25 07:56:06.637680+00:00
2210,14,380,2023-12-25 07:56:06.662573+00:00
2211,14,388,2023-12-25 07:56:06.690623+00:00
2212,14,389,2023-12-25 07:56:06.718095+00:00
2213,14,393,2023-12-25 07:56:06.744257+00:00
2214,14,394,2023-12-25 07:56:06.770594+00:00
2215,14,395,2023-12-25 07:56:06.796366+00:00
2216,14,398,2023-12-25 07:56:06.822137+00:00
2217,14,401,2023-12-25 07:56:06.852876+00:00
2218,14,403,2023-12-25 07:56:06.883058+00:00
2219,14,405,2023-12-25 07:56:06.910670+00:00
2220,14,406,2023-12-25 07:56:06.944621+00:00
2221,14,407,2023-12-25 07:56:06.993148+00:00
2222,14,411,2023-12-25 07:56:07.021002+00:00
2223,14,414,2023-12-25 07:56:07.052587+00:00
2224,14,415,2023-12-25 07:56:07.083367+00:00
2225,14,417,2023-12-25 07:56:07.110704+00:00
2226,14,418,2023-12-25 07:56:07.137337+00:00
2227,14,421,2023-12-25 07:56:07.166276+00:00
2228,14,424,2023-12-25 07:56:07.193000+00:00
2229,14,425,2023-12-25 07:56:07.219184+00:00
2230,14,436,2023-12-25 07:56:07.246384+00:00
2231,14,437,2023-12-25 07:56:07.273778+00:00
2232,14,438,2023-12-25 07:56:07.301803+00:00
2233,14,439,2023-12-25 07:56:07.331280+00:00
2234,14,441,2023-12-25 07:56:07.355578+00:00
2235,14,442,2023-12-25 07:56:07.384265+00:00
2236,14,443,2023-12-25 07:56:07.413316+00:00
2237,14,444,2023-12-25 07:56:07.441833+00:00
2238,14,445,2023-12-25 07:56:07.472894+00:00
2239,14,451,2023-12-25 07:56:07.503288+00:00
2240,14,454,2023-12-25 07:56:07.532252+00:00
2241,14,456,2023-12-25 07:56:07.563089+00:00
2242,14,458,2023-12-25 07:56:07.591345+00:00
2243,14,460,2023-12-25 07:56:07.616788+00:00
2244,14,461,2023-12-25 07:56:07.642527+00:00
2245,14,466,2023-12-25 07:56:07.671711+00:00
2246,14,467,2023-12-25 07:56:07.696594+00:00
2247,14,469,2023-12-25 07:56:07.724655+00:00
2248,14,470,2023-12-25 07:56:07.750245+00:00
2249,14,471,2023-12-25 07:56:07.775866+00:00
2250,14,472,2023-12-25 07:56:07.803718+00:00
2251,14,473,2023-12-25 07:56:07.830662+00:00
2252,14,475,2023-12-25 07:56:07.859007+00:00
2253,14,476,2023-12-25 07:56:07.885122+00:00
2254,14,477,2023-12-25 07:56:07.913718+00:00
2255,14,478,2023-12-25 07:56:07.940257+00:00
2256,14,479,2023-12-25 07:56:07.969833+00:00
2257,14,480,2023-12-25 07:56:08.006294+00:00
2258,16,362,2023-12-26 06:45:52.975894+00:00
2259,16,368,2023-12-26 06:45:53.015166+00:00
2260,16,371,2023-12-26 06:45:53.046605+00:00
2261,16,162,2023-12-26 07:08:25.362560+00:00
2262,16,362,2023-12-27 06:12:09.740423+00:00
2263,16,474,2023-12-27 06:12:09.780171+00:00
2264,16,162,2023-12-27 06:12:28.806063+00:00
2265,16,353,2023-12-27 06:12:28.854824+00:00
2266,16,371,2023-12-27 06:15:18.570746+00:00
2267,16,289,2023-12-27 06:15:35.879261+00:00
2268,16,291,2023-12-27 06:15:35.917964+00:00
2269,16,296,2023-12-27 06:15:35.950690+00:00