usertestresponse_id,answer_id
22,370
23,505
24,370
25,505
26,370
27,505
33,650
35,1239
36,913
37,487
37,488
37,489
38,490
38,491
38,492
39,493
39,494
39,495
40,496
40,497
40,498
41,502
41,503
41,504
42,520
42,521
42,522
43,526
43,527
43,528
44,538
44,539
44,540
45,547
45,548
45,549
46,556
46,557
46,558
47,559
47,560
47,1093
48,562
48,563
49,574
49,576
50,577
50,578
51,580
51,581
51,582
52,583
52,584
52,585
53,595
53,596
53,597
54,602
54,603
55,610
55,611
55,612
56,616
57,619
57,620
57,621
58,628
58,629
58,630
59,649
59,650
59,651
60,652
60,653
60,654
61,656
61,657
62,670
62,671
62,672
63,673
63,674
63,675
64,680
64,681
65,683
65,684
66,688
66,689
66,690
67,691
67,692
67,693
68,697
68,698
68,699
69,703
69,704
69,705
70,725
70,726
71,730
71,732
71,1214
72,733
72,734
72,735
73,740
73,1042
74,743
74,744
75,736
75,759
76,772
76,773
76,774
77,781
77,782
77,783
78,787
78,788
78,789
79,793
79,794
79,795
80,796
80,797
80,798
81,802
81,803
81,804
82,811
82,812
82,1364
83,838
83,839
83,840
84,859
84,860
84,861
85,868
85,869
85,870
86,877
86,878
86,879
87,880
87,881
87,882
88,895
88,896
88,897
89,904
89,905
89,906
90,926
90,927
91,929
91,930
92,931
92,933
93,940
93,941
93,942
94,946
94,947
95,955
95,956
95,957
96,958
96,959
96,960
97,961
97,962
97,963
98,970
98,971
98,972
99,975
100,977
100,978
101,979
101,980
101,981
102,994
102,995
102,996
103,998
103,999
104,1003
104,1004
104,1005
105,1009
105,1010
105,1011
106,1025
106,1026
107,1027
107,1028
107,1029
108,1033
108,1034
108,1035
109,1037
109,1038
110,1039
110,1040
110,1041
111,1042
111,1043
111,1044
112,1045
112,1046
112,1047
113,1054
113,1055
113,1056
114,1060
114,1061
115,1066
115,1067
115,1068
116,1072
116,1073
116,1074
117,487
117,488
117,489
118,490
119,493
119,494
120,497
121,502
121,503
121,504
122,520
122,521
122,522
123,526
123,527
123,528
124,538
124,539
124,540
125,547
125,548
125,549
126,557
127,559
128,562
128,563
128,564
129,574
129,575
129,576
130,577
131,581
131,582
131,1207
132,583
132,584
132,585
133,627
134,601
134,602
134,603
135,610
135,611
135,612
136,616
136,617
136,618
137,619
137,620
137,621
138,628
138,629
138,630
139,649
139,650
139,651
140,652
140,653
140,654
141,655
141,656
141,657
142,671
142,672
143,673
143,674
143,675
144,679
144,680
144,681
145,682
145,684
146,688
146,689
146,690
147,928
148,697
148,698
148,699
149,703
149,704
149,705
150,725
151,730
151,732
151,1432
152,733
152,734
152,735
153,739
153,740
154,743
154,744
155,759
156,772
156,773
156,1211
157,782
157,783
158,788
159,793
159,794
159,795
160,797
160,798
161,903
162,811
162,1228
163,840
164,859
164,860
164,861
165,869
165,870
166,879
167,882
168,895
169,906
170,926
171,928
171,929
172,931
173,942
174,947
175,957
176,958
177,961
178,972
179,975
180,978
181,980
181,981
182,995
182,996
183,998
184,1003
184,1004
184,1005
185,1010
185,1011
186,1026
187,1027
187,1028
187,1029
188,1033
188,1034
188,1035
189,1038
190,1039
190,1040
190,1041
191,1042
191,1043
191,1044
192,1046
192,1047
193,1054
193,1055
193,1056
194,1060
194,1061
194,1062
195,1067
196,1073
197,487
197,488
197,489
198,490
198,491
198,492
199,493
199,494
199,495
200,497
200,498
200,1144
201,502
201,503
201,504
202,520
202,521
202,522
203,526
203,527
203,528
204,538
204,539
204,540
205,547
205,548
205,549
206,556
206,557
206,558
207,559
207,561
207,1343
208,562
208,563
208,564
209,574
209,575
209,576
210,226
210,577
210,578
211,582
211,707
212,583
212,584
212,585
213,597
213,1326
214,602
214,603
215,610
215,611
215,612
216,616
216,617
216,618
217,619
217,620
217,621
218,628
218,629
218,630
219,649
219,650
219,651
220,652
220,653
220,654
221,656
221,657
222,670
222,671
222,672
223,673
223,674
223,675
224,679
224,680
224,681
225,682
225,683
225,684
226,688
226,689
226,690
227,691
227,692
227,693
228,697
228,698
228,699
229,703
229,704
229,705
230,724
230,725
230,726
231,554
231,730
231,732
232,733
232,734
232,735
233,739
233,740
234,743
234,744
235,759
236,772
236,773
236,774
237,781
237,782
237,783
238,698
238,788
239,793
239,794
239,795
240,796
240,797
240,798
241,811
241,812
241,813
242,838
242,839
242,840
243,859
243,860
243,861
244,868
244,869
244,870
245,877
245,878
245,879
246,880
246,881
246,882
247,895
247,896
248,904
248,905
248,906
249,925
249,926
249,927
250,928
250,929
250,930
251,931
251,932
251,933
252,940
252,941
252,942
253,637
253,946
253,947
254,955
254,957
254,959
255,958
255,959
256,961
256,962
256,963
257,970
257,972
258,973
258,974
258,975
259,977
259,978
260,979
260,980
260,981
261,994
261,995
261,996
262,997
262,998
262,999
263,1003
263,1004
263,1005
264,1010
264,1011
265,1024
265,1025
265,1026
266,1027
266,1028
266,1029
267,1033
267,1034
267,1035
268,1036
268,1038
269,1039
269,1040
269,1041
270,1042
270,1043
270,1044
271,1045
271,1046
271,1047
272,1054
272,1055
272,1056
273,1060
273,1061
273,1062
274,1066
274,1067
274,1068
275,1072
275,1073
275,1074
276,487
276,488
276,489
277,490
277,491
277,492
278,493
278,494
278,495
279,496
279,497
279,498
280,502
280,503
280,504
281,520
281,521
281,522
282,526
282,527
282,528
283,538
283,539
283,540
284,547
284,548
284,549
285,556
285,558
285,886
286,915
287,562
287,563
287,564
288,574
288,575
288,576
289,577
289,578
289,925
290,581
290,582
290,862
291,583
291,584
291,585
292,761
292,956
292,1139
293,601
293,603
294,610
294,611
294,612
295,616
295,617
295,618
296,619
296,620
296,621
297,628
297,629
297,630
298,649
298,650
298,651
299,652
299,653
299,654
300,655
300,656
300,657
301,670
301,671
301,672
302,673
302,674
302,675
303,679
303,680
303,681
304,682
304,683
304,684
305,688
305,689
305,690
306,691
306,692
306,693
307,697
307,698
307,699
308,703
308,704
308,705
309,724
309,725
309,726
310,730
310,731
310,734
311,733
311,734
311,735
312,739
312,740
313,649
313,743
313,744
314,757
314,758
314,759
315,772
315,773
315,774
316,781
316,782
316,783
317,787
317,788
317,789
318,793
318,794
318,795
319,796
319,797
319,798
320,811
320,812
321,840
322,859
322,860
322,861
323,864
323,869
323,870
324,877
324,878
324,879
325,880
325,881
325,882
326,895
326,896
326,897
327,904
327,905
327,906
328,926
329,928
329,929
329,930
330,931
330,932
330,933
331,940
331,941
331,942
332,946
332,947
333,955
333,956
333,957
334,709
334,958
334,959
335,961
335,962
336,970
336,971
336,972
337,973
337,974
337,975
338,976
338,977
338,978
339,979
339,980
339,981
340,994
340,995
340,996
341,997
341,998
341,999
342,1003
342,1004
342,1005
343,1009
343,1010
343,1011
344,1024
344,1025
344,1026
345,1027
345,1028
345,1029
346,1033
346,1034
346,1035
347,1038
348,1039
348,1040
348,1041
348,1189
349,1042
349,1043
349,1044
350,1045
350,1046
350,1047
351,1054
351,1055
351,1056
352,1060
352,1061
353,1066
353,1067
354,1073
354,1074
355,487
355,488
355,489
356,490
356,491
356,492
357,493
357,494
357,495
358,496
358,497
358,498
359,502
359,503
359,504
360,520
360,521
360,522
361,526
361,527
361,528
362,538
362,539
362,540
363,547
363,548
363,549
364,556
364,558
364,886
365,915
366,562
366,563
366,564
367,574
367,575
367,576
368,577
368,578
368,925
369,581
369,582
369,862
370,583
370,584
370,585
371,761
371,956
371,1139
372,601
372,603
373,610
373,611
373,612
374,616
374,617
374,618
376,619
376,620
376,621
377,628
377,629
377,630
378,649
378,650
378,651
379,652
379,653
379,654
380,655
380,656
380,657
381,670
381,671
381,672
382,673
382,674
382,675
383,679
383,680
383,681
384,682
384,683
384,684
385,688
385,689
385,690
386,691
386,692
386,693
387,697
387,698
387,699
388,703
388,704
388,705
389,724
389,725
389,726
390,730
390,731
390,734
391,733
391,734
391,735
392,739
392,740
393,649
393,743
393,744
394,757
394,758
394,759
395,772
395,773
395,774
396,781
396,782
396,783
397,787
397,788
397,789
398,793
398,794
398,795
399,796
399,797
399,798
400,811
400,812
401,840
402,859
402,860
402,861
403,864
403,869
403,870
404,877
404,878
404,879
405,880
405,881
405,882
406,895
406,896
406,897
407,904
407,905
407,906
408,926
409,928
409,929
409,930
410,931
410,932
410,933
411,940
411,941
411,942
412,946
412,947
413,955
413,956
413,957
414,709
414,958
414,959
415,961
415,962
416,970
416,971
416,972
417,973
417,974
417,975
418,976
418,977
418,978
419,979
419,980
419,981
420,994
420,995
420,996
421,997
421,998
421,999
422,1003
422,1004
422,1005
423,1009
423,1010
423,1011
424,1024
424,1025
424,1026
425,1027
425,1028
425,1029
426,1033
426,1034
426,1035
427,1038
429,487
429,488
429,489
430,490
430,491
430,492
431,493
431,494
431,495
432,496
432,497
432,498
433,503
433,504
433,926
434,520
434,521
434,522
435,526
435,527
435,528
436,538
436,539
436,540
437,547
437,548
437,549
438,556
438,558
438,611
439,559
439,560
439,561
440,562
440,563
440,564
441,574
441,575
441,576
442,289
442,577
442,578
443,580
443,581
443,582
444,583
444,584
444,585
445,580
445,595
445,596
446,601
446,602
446,603
447,610
447,611
447,612
448,616
448,618
448,752
449,619
449,620
449,621
450,628
450,629
450,630
451,650
451,651
451,1368
452,653
452,654
452,994
453,487
453,656
453,657
454,670
454,671
454,672
455,673
455,674
455,675
456,679
456,680
456,681
457,682
457,684
457,1378
458,688
458,689
458,690
459,626
459,692
459,693
460,697
460,698
460,699
461,703
461,704
461,705
462,724
462,725
462,726
463,730
463,731
463,732
464,733
464,734
464,735
465,740
465,741
465,1430
466,742
466,743
466,744
467,757
467,758
467,759
468,772
468,773
468,774
469,781
469,782
469,783
470,787
470,788
470,789
471,793
471,794
471,795
472,796
472,797
472,798
473,802
473,803
473,804
474,811
474,812
474,813
475,838
475,839
475,840
476,859
476,860
476,861
477,506
477,869
477,870
478,877
478,878
478,879
479,880
479,881
479,1101
480,895
480,896
480,897
481,904
481,905
481,906
482,925
482,926
482,927
483,874
483,928
483,930
484,638
484,931
484,933
485,940
485,941
485,942
486,946
486,947
486,1161
487,955
487,956
487,957
488,958
488,959
488,960
489,961
489,962
489,963
490,970
490,971
490,972
491,973
491,974
491,975
492,976
492,977
492,978
493,979
493,980
493,981
494,994
494,995
494,996
495,998
495,999
496,1003
496,1004
496,1005
497,1009
497,1010
497,1011
498,967
498,1025
498,1026
499,649
499,1027
499,1029
500,1033
500,1034
500,1035
501,899
501,1037
501,1038
502,1039
502,1040
502,1041
503,1042
503,1043
503,1044
504,1045
504,1046
504,1047
505,833
505,1054
505,1056
506,1061
507,1066
507,1067
507,1068
508,487
508,488
508,489
509,490
509,491
509,492
510,493
510,494
510,495
511,496
511,497
511,498
512,502
512,503
512,504
513,520
513,521
513,522
514,526
514,527
514,528
515,538
515,539
515,540
516,547
516,548
516,549
517,556
517,558
517,886
518,915
519,562
519,563
519,564
520,574
520,575
520,576
521,577
521,578
521,925
522,581
522,582
522,862
523,583
523,584
523,585
524,761
524,956
524,1139
525,601
525,603
526,610
526,611
526,612
527,616
527,617
527,618
528,619
528,620
528,621
529,628
529,629
529,630
530,649
530,650
530,651
531,652
531,653
531,654
532,655
532,656
532,657
533,670
533,671
533,672
534,673
534,674
534,675
535,679
535,680
535,681
536,682
536,683
536,684
537,688
537,689
537,690
538,691
538,692
538,693
539,697
539,698
539,699
540,703
540,704
540,705
541,724
541,725
541,726
542,730
542,731
542,734
543,733
543,734
543,735
544,739
544,740
545,649
545,743
545,744
546,757
546,758
546,759
547,772
547,773
547,774
548,781
548,782
548,783
549,787
549,788
549,789
550,793
550,794
550,795
551,796
551,797
551,798
552,811
552,812
553,840
554,859
554,860
554,861
555,864
555,869
555,870
556,877
556,878
556,879
557,880
557,881
557,882
558,895
558,896
558,897
559,904
559,905
559,906
560,926
561,928
561,929
561,930
562,931
562,932
562,933
563,940
563,941
563,942
564,946
564,947
565,955
565,956
565,957
566,709
566,958
566,959
567,961
567,962
568,970
568,971
568,972
569,973
569,974
569,975
570,976
570,977
570,978
571,979
571,980
571,981
572,994
572,995
572,996
573,997
573,998
573,999
574,1003
574,1004
574,1005
575,1009
575,1010
575,1011
576,1024
576,1025
576,1026
577,1027
577,1028
577,1029
578,1033
578,1034
578,1035
579,1038
580,1039
580,1040
580,1041
580,1189
581,1042
581,1043
581,1044
582,1045
582,1046
582,1047
583,1054
583,1055
583,1056
584,1060
584,1061
585,1066
585,1067
586,1073
586,1074
587,1084
587,1085
587,1086
588,1102
588,1103
588,1104
589,1112
589,1113
590,1115
590,1116
591,1118
591,1119
592,1121
592,1122
593,1129
593,1130
593,1131
594,1141
594,1142
594,1143
595,1144
595,1145
595,1146
596,1147
596,1148
596,1149
597,1150
597,1151
597,1152
598,1153
598,1154
598,1155
599,1156
599,1157
599,1158
600,1160
601,1168
601,1169
601,1170
602,1171
602,1172
602,1173
603,1174
603,1175
604,1186
604,1187
604,1188
605,1189
605,1190
605,1191
606,1195
606,1196
606,1197
607,1200
608,1204
608,1205
608,1206
609,1210
609,1211
610,1222
610,1224
611,1225
611,1226
611,1227
612,1281
613,1234
613,1236
614,1237
614,1238
614,1239
615,1247
615,1248
616,1255
616,1256
616,1257
617,1259
617,1260
618,1264
618,1265
618,1266
619,1267
619,1268
619,1269
620,1276
620,1277
620,1278
621,1279
621,1280
622,1282
622,1283
622,1284
623,1287
624,1289
624,1290
625,1291
625,1292
626,1294
626,1295
626,1296
627,112
627,1298
627,1299
628,1300
628,1301
628,1302
629,1305
630,1318
630,1319
630,1320
631,1336
631,1337
632,1339
632,1340
632,1341
633,1342
633,1343
633,1344
634,1345
634,1347
635,1348
635,1349
635,1350
636,1354
636,1355
636,1356
637,1357
637,1359
638,1363
638,1364
638,1365
639,1369
639,1370
639,1371
640,1375
640,1376
640,1377
641,1384
641,1385
641,1386
642,1387
642,1388
642,1389
643,1390
643,1391
643,1392
644,1393
644,1394
644,1395
645,1381
645,1402
645,1404
646,1420
646,1421
646,1422
647,1084
647,1085
647,1086
648,1102
648,1103
648,1104
649,1111
649,1112
649,1113
650,1114
650,1115
650,1116
651,1118
651,1119
652,1120
652,1121
652,1122
653,1129
653,1130
653,1131
654,1141
654,1142
654,1143
655,1145
655,1146
656,1147
656,1148
656,1149
657,1150
657,1151
657,1152
658,1153
658,1154
658,1155
659,1156
659,1157
659,1158
660,517
660,1159
660,1161
661,1168
661,1169
661,1170
662,1172
662,1173
663,1174
663,1175
663,1176
664,1186
664,1187
664,1188
665,1189
665,1190
665,1191
666,1195
666,1196
666,1197
667,1199
667,1200
668,1204
668,1205
668,1206
669,1210
669,1211
669,1212
670,1222
670,1223
671,1225
671,1226
671,1227
672,1228
672,1229
672,1230
673,1234
673,1235
673,1236
674,1237
674,1238
674,1239
675,1246
675,1247
675,1248
676,1255
676,1256
676,1257
677,1258
677,1259
677,1260
678,1264
678,1265
678,1266
679,1267
679,1268
679,1269
680,1276
680,1277
680,1278
681,1279
681,1280
681,1281
682,1282
682,1283
682,1284
683,1285
683,1286
683,1287
684,1288
684,1289
684,1290
685,1291
685,1292
686,1294
686,1295
686,1296
687,1297
687,1298
687,1299
688,1300
688,1301
688,1302
689,1108
689,1304
689,1305
690,1318
690,1319
690,1320
691,1336
691,1337
691,1338
692,1339
692,1340
692,1341
693,1342
693,1343
693,1344
694,1345
694,1346
694,1347
695,1348
695,1349
695,1350
696,1354
696,1355
696,1356
697,1357
697,1358
697,1359
698,1363
698,1364
699,1369
699,1370
699,1371
700,1375
700,1376
700,1377
701,1384
701,1385
701,1386
702,1387
702,1388
703,1390
703,1391
703,1392
704,1393
704,1394
704,1395
705,1402
705,1403
705,1404
706,1420
706,1421
706,1422
707,1084
707,1085
707,1086
708,1102
708,1103
708,1104
709,1111
709,1112
709,1113
710,1114
710,1115
710,1116
711,1118
711,1119
712,1120
712,1121
712,1122
713,1129
713,1130
713,1131
714,1141
714,1142
714,1143
715,1144
715,1145
715,1146
716,1147
716,1148
716,1149
717,1150
717,1151
717,1152
718,1153
718,1154
718,1155
719,1156
719,1157
719,1158
720,1159
720,1160
720,1161
721,1169
721,1170
722,1171
722,1172
722,1173
723,959
723,1174
723,1175
724,1186
724,1187
724,1188
725,1189
725,1190
725,1191
726,1195
726,1196
726,1197
727,802
727,1198
727,1200
728,1204
728,1205
728,1206
729,1210
729,1211
729,1212
730,1222
730,1224
731,1225
731,1226
731,1227
732,1228
732,1229
732,1230
733,1024
733,1235
733,1236
734,1084
734,1237
734,1239
735,1246
735,1247
735,1248
736,676
736,1256
736,1257
737,1258
737,1259
737,1260
738,1264
738,1265
738,1266
739,1267
739,1268
739,1269
740,1276
740,1277
740,1278
741,1279
741,1280
741,1281
742,1282
742,1283
742,1284
743,1285
743,1286
743,1287
744,700
744,1289
744,1290
745,1291
745,1292
745,1304
746,1294
746,1295
746,1296
747,1297
747,1298
747,1299
748,1300
748,1301
748,1302
749,1303
749,1304
749,1305
750,1318
750,1319
750,1320
751,1336
751,1337
752,1339
752,1340
752,1341
753,1342
753,1343
753,1344
754,1345
754,1346
754,1347
755,1348
755,1349
755,1350
756,1354
756,1355
756,1356
757,1357
757,1358
757,1359
758,1363
758,1364
758,1365
759,1369
759,1370
759,1371
760,1375
760,1376
760,1377
761,1384
761,1385
761,1386
762,1387
762,1388
762,1389
763,1390
763,1391
763,1392
764,1393
764,1394
764,1395
765,1402
765,1403
765,1404
766,1421
766,1422
767,1084
767,1085
767,1086
768,1102
768,1103
768,1104
769,1111
769,1112
769,1113
770,1114
770,1115
770,1116
771,1117
771,1118
771,1119
772,1121
772,1122
773,1129
773,1130
773,1131
774,1141
774,1142
774,1143
775,1144
775,1145
775,1146
776,1147
776,1148
776,1149
777,1150
777,1151
777,1152
778,1153
778,1154
778,1155
779,1156
779,1157
779,1158
780,1159
780,1160
780,1161
781,1168
781,1169
781,1170
782,1171
782,1172
782,1173
783,913
783,1174
783,1175
784,1186
784,1187
784,1188
785,1189
785,1190
785,1191
786,1195
786,1196
786,1197
787,1198
787,1199
787,1200
788,1204
788,1205
788,1206
789,1210
789,1211
789,1212
790,1222
790,1223
790,1224
791,1226
791,1227
791,1351
792,1228
792,1229
792,1230
793,1234
793,1235
793,1236
794,1237
794,1238
794,1239
795,1246
795,1247
795,1248
796,1255
796,1256
796,1257
797,1258
797,1259
797,1260
798,1264
798,1265
798,1266
799,1267
799,1268
799,1269
800,1276
800,1277
800,1278
801,1279
801,1280
801,1281
802,1282
802,1283
802,1284
803,1285
803,1286
803,1287
804,1288
804,1289
804,1290
805,814
805,1291
805,1292
806,1294
806,1295
806,1296
807,1297
807,1298
807,1299
808,1300
808,1301
808,1302
809,1039
809,1303
809,1305
810,1318
810,1319
810,1320
811,1
811,1336
811,1337
812,1339
812,1340
812,1341
813,1342
813,1343
813,1344
814,1345
814,1346
814,1347
815,1348
815,1349
815,1350
816,1354
816,1355
816,1356
817,1357
817,1358
817,1359
818,901
818,1364
818,1365
819,1369
819,1370
819,1371
820,1375
820,1376
820,1377
821,1384
821,1385
821,1386
822,1387
822,1388
822,1389
823,1390
823,1391
823,1392
824,1393
824,1394
824,1395
825,1018
825,1402
825,1404
826,1420
826,1421
826,1422
827,1084
827,1085
827,1086
828,1102
828,1103
828,1104
829,1112
829,1113
830,1114
830,1115
830,1116
831,1117
831,1118
831,1119
832,1121
832,1122
833,1129
833,1130
833,1131
834,1141
834,1142
834,1143
835,1144
835,1145
835,1146
836,1147
836,1148
836,1149
837,1150
837,1151
837,1152
838,1153
838,1154
838,1155
839,1156
839,1157
839,1158
840,1159
840,1161
840,1425
841,1168
841,1169
841,1170
842,1171
842,1172
842,1173
843,1113
843,1174
843,1233
844,1186
844,1188
844,1303
845,1189
845,1190
845,1191
846,1195
846,1196
846,1197
847,1199
847,1200
848,1204
848,1205
848,1206
849,1210
850,1222
850,1223
850,1224
851,927
851,1225
851,1227
852,1230
853,1234
854,1237
854,1238
854,1239
855,1246
855,1247
855,1248
856,1255
856,1256
856,1257
857,1258
857,1259
857,1260
858,1264
858,1265
858,1266
859,1267
859,1268
859,1269
860,1276
860,1277
860,1278
861,1279
861,1280
862,1282
862,1283
862,1284
863,1286
863,1287
864,1288
864,1289
864,1290
865,1291
865,1292
866,1294
866,1295
866,1296
867,1297
867,1298
867,1299
868,1300
868,1301
868,1302
869,1305
870,1318
870,1319
870,1320
871,997
871,1336
871,1337
872,1339
872,1340
872,1341
873,1342
873,1343
873,1344
874,1345
874,1346
874,1347
875,1348
875,1349
875,1350
876,1354
876,1355
876,1356
877,1174
877,1357
877,1358
878,1364
879,1369
879,1370
879,1371
880,5
880,246
880,1376
881,215
881,1384
881,1386
882,520
882,877
882,1387
883,1350
883,1391
883,1392
884,1393
884,1394
884,1395
885,1402
885,1404
886,1420
886,1421
886,1422
887,1081
887,1082
887,1083
888,1087
888,1088
888,1089
889,1090
889,1091
889,1092
890,1093
890,1094
890,1095
891,1096
891,1097
891,1098
892,1099
892,1100
892,1101
893,1105
893,1106
893,1107
894,1108
894,1109
894,1110
895,1124
895,1125
896,1126
896,1127
896,1128
897,1132
897,1133
897,1134
898,1135
898,1136
898,1137
899,1138
899,1140
900,1162
900,1163
900,1164
901,1165
901,1166
901,1167
902,1177
902,1178
902,1179
903,1180
903,1182
904,1183
904,1184
904,1185
905,1192
905,1193
905,1194
906,1201
906,1202
906,1203
907,1207
907,1208
907,1209
908,1213
908,1214
908,1215
909,1216
909,1217
909,1218
910,1219
910,1220
910,1221
911,1231
912,1240
912,1241
912,1242
913,1243
913,1244
913,1245
914,1249
914,1250
914,1251
915,1252
915,1253
915,1254
916,1261
916,1262
916,1263
917,1270
917,1271
917,1272
918,1273
918,1274
918,1275
919,1306
919,1307
919,1308
920,1309
920,1310
920,1311
921,1313
921,1314
922,1315
922,1316
922,1317
923,1321
923,1322
923,1323
924,1324
924,1325
924,1326
925,1327
925,1328
925,1329
926,1330
926,1331
926,1332
927,1333
927,1334
927,1335
928,1351
928,1352
928,1353
929,1360
929,1361
929,1362
930,1366
930,1367
930,1368
931,1372
931,1373
931,1374
932,1378
932,1379
932,1380
933,1381
933,1382
933,1383
934,1396
934,1397
934,1398
935,1399
935,1400
935,1401
936,1405
936,1406
936,1407
937,1410
937,1427
938,1411
938,1412
938,1413
939,1414
939,1416
940,1417
940,1418
940,1419
941,1423
941,1424
941,1425
942,1426
942,1428
943,1429
943,1430
943,1431
944,1351
944,1432
944,1434
945,1435
945,1436
945,1437
946,303
946,1439
946,1440
947,1081
947,1082
948,1087
948,1088
948,1089
949,1090
949,1091
949,1092
950,1093
950,1094
951,1096
951,1098
952,1101
953,1105
953,1106
954,1123
954,1124
954,1125
955,1127
956,1134
957,1135
957,1136
957,1137
958,1138
958,1140
959,1162
959,1163
959,1164
960,1166
960,1167
961,1177
961,1178
961,1179
962,1180
962,1182
963,1183
963,1184
964,1192
964,1193
964,1194
965,1201
965,1202
965,1203
966,1208
966,1209
967,1214
967,1215
968,1216
969,1219
969,1220
969,1221
970,1231
971,1240
971,1242
972,1244
973,1250
973,1251
974,1252
974,1253
975,1261
975,1263
976,1270
976,1272
977,1273
977,1275
978,1306
978,1308
979,1309
979,1310
979,1311
980,1313
980,1314
981,1315
982,1321
982,1322
982,1323
983,1326
984,1327
984,1328
984,1329
985,1331
986,1333
986,1334
986,1335
987,1352
988,1360
988,1361
988,1362
989,1366
989,1367
989,1368
990,1372
991,1378
991,1380
992,1381
992,1382
992,1383
993,1396
994,1399
994,1401
995,1405
995,1406
996,1410
997,1411
997,1412
997,1413
998,1414
998,1415
999,1417
999,1418
999,1419
1000,1424
1000,1425
1001,1426
1001,1427
1001,1428
1002,1429
1002,1430
1003,1432
1003,1433
1003,1434
1004,1435
1004,1436
1004,1437
1005,1440
1006,1081
1007,1089
1008,1090
1008,1091
1008,1092
1009,1093
1009,1094
1010,1096
1010,1097
1010,1098
1011,1099
1011,1100
1011,1101
1012,1105
1012,1106
1012,1107
1013,1095
1014,1123
1014,1124
1015,611
1015,1127
1015,1128
1016,1132
1017,1137
1018,1138
1019,1164
1020,1166
1021,1177
1021,1178
1021,1179
1022,1181
1022,1182
1023,1183
1023,1231
1024,1192
1024,1193
1025,1201
1025,1202
1026,1207
1026,1329
1027,1381
1028,1216
1029,1219
1029,1220
1030,1231
1030,1233
1031,1242
1032,1243
1032,1244
1033,956
1033,1250
1034,1253
1034,1254
1035,1261
1036,1272
1037,1273
1037,1275
1038,1306
1038,1307
1038,1308
1039,1310
1039,1311
1040,1312
1040,1314
1041,1315
1042,1321
1042,1322
1042,1323
1043,1327
1043,1328
1044,873
1044,1331
1044,1332
1045,1360
1046,1366
1046,1367
1047,1372
1048,1378
1049,1382
1049,1383
1050,1396
1051,1399
1051,1401
1052,1408
1052,1409
1052,1410
1053,1411
1053,1412
1053,1413
1054,1417
1054,1418
1055,1426
1055,1427
1056,1429
1056,1430
1056,1431
1057,1434
1058,868
1059,1438
1059,1439
1060,1081
1060,1082
1060,1083
1061,1087
1061,1088
1061,1089
1062,1090
1062,1091
1062,1092
1063,1093
1063,1094
1063,1095
1064,1096
1064,1097
1064,1098
1065,1099
1065,1100
1065,1101
1066,1105
1066,1106
1066,1107
1067,1108
1067,1109
1067,1110
1068,900
1068,1123
1068,1124
1069,1126
1069,1127
1069,1128
1070,1132
1070,1133
1070,1134
1071,1135
1071,1136
1071,1137
1072,985
1072,1138
1072,1140
1073,1162
1073,1163
1073,1164
1074,1165
1074,1166
1074,1167
1075,1177
1075,1178
1075,1179
1076,1180
1076,1181
1076,1182
1077,1183
1077,1184
1077,1185
1078,1192
1078,1193
1078,1194
1079,1201
1079,1202
1079,1203
1080,1208
1080,1209
1080,1382
1081,1213
1081,1214
1081,1215
1082,502
1082,1216
1082,1218
1083,1219
1083,1220
1083,1221
1084,1231
1084,1232
1084,1233
1085,1240
1085,1241
1085,1242
1086,887
1086,1243
1086,1244
1087,1249
1087,1250
1087,1251
1088,1252
1088,1253
1088,1254
1089,1261
1089,1262
1089,1263
1090,1270
1090,1271
1090,1272
1091,1273
1091,1274
1091,1275
1092,1306
1092,1307
1092,1308
1093,1309
1093,1310
1093,1311
1094,1312
1094,1313
1094,1314
1095,1315
1095,1316
1095,1317
1096,1321
1096,1322
1096,1323
1097,1324
1097,1325
1097,1326
1098,1327
1098,1328
1098,1329
1099,1330
1099,1331
1099,1332
1100,1335
1101,1352
1101,1353
1101,1432
1102,1360
1102,1361
1102,1362
1103,1366
1103,1367
1103,1368
1104,1337
1104,1372
1104,1373
1105,1378
1105,1379
1105,1380
1106,1381
1106,1382
1106,1383
1107,1396
1107,1397
1107,1398
1108,1399
1108,1400
1108,1401
1109,1405
1109,1406
1109,1407
1110,967
1110,1409
1111,1411
1111,1412
1111,1413
1112,1414
1112,1415
1112,1416
1113,1417
1113,1418
1113,1419
1114,1423
1114,1424
1114,1425
1115,484
1115,485
1115,486
1116,501
1117,508
1117,510
1118,511
1118,512
1118,513
1119,517
1119,518
1119,519
1120,532
1120,533
1120,534
1121,541
1121,542
1121,543
1122,545
1122,546
1123,551
1123,552
1124,565
1124,566
1124,567
1125,568
1125,569
1125,570
1126,571
1126,572
1127,598
1127,600
1128,604
1128,605
1128,606
1129,607
1129,608
1129,609
1130,614
1131,633
1132,634
1132,635
1132,636
1133,637
1133,638
1133,639
1134,658
1134,659
1135,661
1135,662
1136,665
1137,668
1137,669
1138,676
1138,677
1139,685
1139,686
1140,694
1140,696
1141,700
1142,709
1142,710
1143,712
1143,713
1143,714
1144,715
1144,716
1144,717
1145,718
1145,719
1145,720
1146,736
1147,748
1147,749
1147,750
1147,1061
1148,751
1148,753
1149,767
1149,768
1150,770
1150,771
1151,775
1152,799
1152,800
1152,801
1153,805
1154,808
1154,809
1154,810
1155,819
1156,820
1157,823
1157,824
1157,825
1158,827
1158,828
1159,830
1160,835
1161,844
1161,845
1161,846
1162,849
1163,850
1163,851
1163,852
1164,853
1164,854
1164,855
1165,856
1166,867
1167,872
1167,873
1168,874
1168,876
1169,886
1170,892
1170,893
1171,902
1171,903
1172,907
1172,908
1172,909
1173,910
1173,911
1173,912
1174,921
1175,923
1175,924
1176,934
1176,935
1176,936
1177,938
1177,939
1178,952
1178,953
1178,954
1179,968
1179,969
1180,992
1180,993
1181,1000
1181,1001
1181,1002
1182,1012
1182,1013
1183,1015
1183,1017
1183,1256
1184,1022
1184,1023
1185,1030
1185,1031
1185,1032
1186,1049
1186,1050
1187,1052
1188,1057
1188,1058
1188,1059
1189,1063
1189,1064
1189,1065
1190,1070
1190,1071
1191,1075
1191,1077
1192,484
1192,485
1192,486
1193,501
1194,508
1194,510
1195,511
1195,512
1195,513
1196,517
1196,518
1196,519
1197,532
1197,533
1197,534
1198,541
1198,542
1198,543
1199,545
1199,546
1200,551
1200,552
1201,565
1201,566
1201,567
1202,568
1202,569
1202,570
1203,571
1203,572
1204,598
1204,600
1205,604
1205,605
1205,606
1206,607
1206,608
1206,609
1207,614
1208,633
1209,634
1209,635
1209,636
1210,637
1210,638
1210,639
1211,658
1211,659
1212,661
1212,662
1213,665
1214,668
1214,669
1215,676
1215,677
1216,685
1216,686
1217,694
1217,696
1218,700
1219,709
1219,710
1220,712
1220,713
1220,714
1221,715
1221,716
1221,717
1222,718
1222,719
1222,720
1223,736
1224,748
1224,749
1224,750
1224,1061
1225,751
1225,753
1226,767
1226,768
1227,770
1227,771
1228,484
1228,485
1228,486
1229,501
1230,508
1230,510
1232,775
1233,799
1233,800
1233,801
1234,805
1235,808
1235,809
1235,810
1236,819
1237,820
1238,823
1238,824
1238,825
1239,827
1239,828
1240,830
1241,835
1242,844
1242,845
1242,846
1243,849
1244,850
1244,851
1244,852
1245,853
1245,854
1245,855
1246,856
1247,867
1248,872
1248,873
1249,874
1249,876
1250,886
1251,892
1251,893
1252,902
1252,903
1253,907
1253,908
1253,909
1254,910
1254,911
1254,912
1255,921
1256,923
1256,924
1257,934
1257,935
1257,936
1258,938
1258,939
1259,952
1259,953
1259,954
1260,968
1260,969
1261,992
1261,993
1262,1000
1262,1001
1262,1002
1263,1012
1263,1013
1264,1015
1264,1017
1264,1256
1265,1022
1265,1023
1266,1030
1266,1031
1266,1032
1267,1049
1267,1050
1268,1052
1269,1057
1269,1058
1269,1059
1270,1063
1270,1064
1270,1065
1271,1070
1271,1071
1272,1075
1272,1077
1273,484
1273,485
1273,486
1274,501
1275,508
1275,510
1276,511
1276,512
1276,513
1277,517
1277,518
1277,519
1278,532
1278,533
1278,534
1279,541
1279,542
1279,543
1280,545
1280,546
1281,551
1281,552
1282,565
1282,566
1282,567
1283,568
1283,569
1283,570
1284,571
1284,572
1285,598
1285,600
1286,604
1286,605
1286,606
1287,607
1287,608
1287,609
1288,614
1289,633
1290,634
1290,635
1290,636
1291,637
1291,638
1291,639
1292,658
1292,659
1293,661
1293,662
1294,665
1295,668
1295,669
1296,676
1296,677
1297,685
1297,686
1298,694
1298,696
1299,700
1300,709
1300,710
1301,712
1301,713
1301,714
1302,715
1302,716
1302,717
1303,718
1303,719
1303,720
1304,736
1305,748
1305,749
1305,750
1305,1061
1306,751
1306,753
1307,767
1307,768
1308,770
1308,771
1309,775
1310,799
1310,800
1310,801
1311,805
1312,808
1312,809
1312,810
1313,819
1314,820
1315,823
1315,824
1315,825
1316,827
1316,828
1317,830
1318,835
1319,844
1319,845
1319,846
1320,849
1321,850
1321,851
1321,852
1322,853
1322,854
1322,855
1323,856
1324,867
1325,872
1325,873
1326,874
1326,876
1327,886
1328,892
1328,893
1329,902
1329,903
1330,907
1330,908
1330,909
1331,910
1331,911
1331,912
1332,921
1333,923
1333,924
1334,934
1334,935
1334,936
1335,938
1335,939
1336,952
1336,953
1336,954
1337,968
1337,969
1338,992
1338,993
1339,1000
1339,1001
1339,1002
1340,1012
1340,1013
1341,1015
1341,1017
1341,1256
1342,1022
1342,1023
1343,1030
1343,1031
1343,1032
1344,1049
1344,1050
1345,1052
1346,1057
1346,1058
1346,1059
1347,1063
1347,1064
1347,1065
1348,1070
1348,1071
1349,1075
1349,1077
1350,484
1350,485
1350,486
1351,499
1351,500
1351,501
1352,510
1353,511
1353,512
1353,513
1354,517
1354,519
1355,533
1356,541
1356,543
1357,544
1357,545
1357,546
1358,550
1359,565
1359,566
1359,567
1360,568
1360,569
1361,571
1361,572
1362,599
1362,600
1363,605
1363,606
1364,607
1364,608
1364,609
1365,613
1365,614
1366,632
1366,633
1367,635
1367,636
1368,637
1368,638
1369,659
1369,660
1370,661
1371,1430
1372,667
1373,676
1374,685
1374,686
1375,694
1375,696
1376,710
1376,711
1376,1262
1377,712
1377,713
1377,714
1378,715
1379,718
1379,719
1380,736
1381,749
1381,750
1382,541
1382,751
1383,766
1383,767
1384,769
1384,770
1385,775
1385,907
1386,799
1386,800
1386,801
1387,805
1387,806
1387,807
1388,808
1388,809
1389,817
1389,818
1389,819
1390,820
1391,823
1391,824
1391,825
1392,827
1392,828
1393,866
1394,835
1394,836
1394,837
1395,841
1395,842
1395,843
1396,844
1396,845
1397,847
1397,848
1397,849
1398,850
1398,851
1398,852
1399,853
1399,854
1400,857
1400,858
1401,865
1401,866
1402,806
1402,872
1402,873
1403,874
1403,875
1403,876
1404,486
1405,894
1406,870
1406,901
1406,902
1406,903
1407,801
1407,907
1407,909
1408,912
1408,1427
1409,923
1410,935
1411,938
1411,939
1412,952
1412,953
1412,954
1413,814
1413,969
1414,988
1414,989
1415,1107
1416,1000
1416,1001
1417,604
1418,1016
1418,1061
1419,1032
1420,1049
1421,1051
1421,1052
1421,1053
1422,164
1422,1057
1423,1063
1424,741
1424,823
1424,1077
1425,484
1425,485
1425,486
1426,499
1426,500
1426,501
1427,508
1427,509
1427,510
1428,511
1428,512
1428,513
1429,517
1429,518
1429,519
1430,523
1430,524
1430,525
1431,532
1431,533
1431,534
1432,541
1432,542
1432,543
1433,544
1433,545
1433,546
1434,550
1434,551
1434,552
1435,565
1435,566
1435,567
1436,568
1436,569
1436,570
1437,571
1437,572
1437,573
1438,598
1438,599
1438,600
1439,604
1439,605
1439,606
1440,607
1440,608
1440,609
1441,613
1441,614
1442,631
1442,632
1442,633
1443,634
1443,635
1443,636
1444,637
1444,638
1445,658
1445,659
1445,660
1446,661
1446,662
1446,663
1447,664
1447,665
1447,666
1448,667
1448,668
1448,669
1449,676
1449,677
1449,678
1450,685
1450,686
1450,687
1451,694
1451,695
1451,696
1452,700
1452,702
1453,709
1453,710
1453,711
1454,712
1454,713
1454,714
1455,715
1455,716
1455,717
1456,718
1456,719
1456,720
1457,736
1457,737
1457,738
1458,748
1458,749
1458,750
1459,751
1459,752
1459,753
1460,766
1460,767
1460,768
1461,770
1461,771
1462,775
1462,776
1462,777
1463,799
1463,800
1463,801
1464,805
1464,806
1464,807
1465,808
1465,809
1465,810
1466,817
1466,818
1466,819
1467,820
1467,921
1468,824
1468,825
1469,826
1469,827
1469,828
1470,829
1470,830
1470,831
1471,835
1471,836
1471,837
1472,841
1472,842
1472,843
1473,844
1474,848
1474,849
1475,850
1475,851
1475,852
1476,853
1476,854
1476,855
1477,857
1478,865
1478,867
1479,872
1479,873
1480,874
1480,875
1480,876
1481,886
1481,887
1482,892
1482,893
1482,894
1483,902
1483,903
1484,907
1484,908
1484,909
1485,912
1486,921
1486,1052
1487,922
1487,923
1487,924
1488,934
1488,935
1488,936
1489,937
1489,938
1489,939
1490,952
1490,953
1490,954
1491,231
1491,969
1492,989
1493,992
1493,993
1494,1000
1494,1001
1494,1002
1495,1012
1495,1013
1495,1014
1496,1015
1496,1016
1496,1017
1497,1021
1497,1022
1497,1023
1498,1030
1498,1031
1498,1032
1499,1048
1499,1049
1499,1050
1500,741
1500,1051
1500,1053
1501,1057
1501,1058
1501,1059
1502,1063
1502,1064
1502,1065
1503,1069
1503,1070
1503,1071
1504,1075
1504,1076
1505,484
1505,485
1505,486
1506,499
1506,500
1506,501
1507,508
1507,509
1507,510
1508,511
1508,512
1508,513
1509,517
1509,518
1509,519
1510,523
1510,524
1510,525
1511,534
1511,704
1511,1301
1512,541
1512,542
1512,543
1513,544
1513,545
1513,546
1514,550
1514,551
1514,552
1515,565
1515,566
1515,567
1516,569
1516,570
1516,932
1517,571
1517,572
1517,573
1518,598
1518,599
1518,600
1519,604
1519,605
1519,606
1520,607
1520,608
1520,609
1521,613
1521,614
1521,615
1522,631
1522,632
1522,633
1523,634
1523,635
1523,636
1524,637
1524,638
1524,639
1525,658
1525,659
1525,660
1526,661
1526,662
1526,1132
1527,664
1527,665
1527,666
1528,667
1528,668
1528,669
1529,676
1529,677
1529,678
1530,685
1530,686
1530,687
1531,694
1531,695
1531,696
1532,700
1532,701
1532,702
1533,709
1533,710
1533,711
1534,712
1534,713
1534,714
1535,683
1535,716
1535,717
1536,718
1536,719
1536,720
1537,736
1537,737
1537,738
1538,748
1538,749
1538,750
1539,751
1539,752
1539,753
1540,766
1540,767
1540,768
1541,769
1541,770
1541,771
1542,775
1542,776
1542,777
1543,799
1543,800
1543,801
1544,805
1544,806
1544,807
1545,808
1545,809
1545,810
1546,817
1546,818
1546,819
1547,820
1547,821
1547,822
1548,823
1548,824
1548,825
1549,826
1549,827
1549,828
1550,829
1550,830
1550,831
1551,614
1551,835
1551,837
1552,841
1552,842
1552,843
1553,844
1553,845
1553,846
1554,847
1554,848
1554,849
1555,850
1555,851
1555,852
1556,853
1556,854
1556,855
1557,856
1557,857
1557,858
1558,674
1558,865
1558,866
1559,871
1559,872
1559,873
1560,874
1560,876
1560,964
1561,886
1561,888
1561,1024
1562,892
1562,893
1562,894
1563,880
1563,902
1563,1077
1564,907
1564,908
1564,909
1565,910
1565,911
1565,912
1566,642
1566,919
1566,920
1567,922
1567,923
1567,924
1568,1081
1568,1082
1568,1083
1569,1087
1569,1088
1569,1089
1570,1090
1570,1091
1570,1092
1571,1093
1571,1094
1571,1095
1572,1096
1572,1097
1572,1098
1573,1099
1573,1100
1574,1105
1574,1106
1574,1107
1575,1108
1575,1109
1575,1110
1576,1123
1576,1124
1576,1125
1577,1126
1577,1127
1577,1128
1578,1132
1578,1133
1579,1135
1579,1136
1579,1137
1580,1138
1580,1139
1580,1140
1581,1162
1581,1163
1581,1164
1582,1165
1582,1166
1582,1167
1583,1178
1583,1179
1584,1180
1584,1181
1584,1182
1585,1184
1585,1185
1586,1192
1586,1193
1586,1194
1587,1201
1587,1203
1588,1207
1588,1209
1589,1213
1589,1214
1589,1215
1590,1217
1590,1218
1591,1219
1591,1220
1591,1221
1592,1231
1592,1233
1593,1241
1593,1242
1594,1243
1594,1244
1595,1249
1595,1250
1595,1251
1596,1252
1596,1253
1596,1254
1597,1261
1597,1262
1597,1263
1598,1270
1598,1271
1598,1272
1599,1273
1599,1274
1599,1275
1600,1306
1600,1307
1600,1308
1601,1309
1601,1310
1601,1311
1602,1312
1602,1313
1602,1314
1603,1315
1603,1316
1603,1317
1604,1321
1604,1322
1604,1323
1605,1324
1605,1325
1605,1326
1606,1327
1606,1328
1606,1329
1607,1330
1607,1331
1607,1332
1608,1333
1608,1334
1608,1335
1609,1351
1609,1352
1609,1353
1610,1360
1610,1361
1610,1362
1611,1366
1611,1367
1611,1368
1612,1378
1612,1379
1612,1380
1613,1381
1613,1382
1613,1383
1614,1396
1614,1397
1614,1398
1615,1399
1615,1400
1615,1401
1616,1405
1616,1406
1617,582
1617,1408
1617,1410
1618,1411
1618,1412
1618,1413
1619,1414
1619,1415
1619,1416
1620,1417
1620,1418
1620,1419
1621,1423
1621,1424
1621,1425
1622,1426
1622,1427
1622,1428
1623,1429
1623,1430
1623,1431
1624,1432
1624,1433
1624,1434
1625,1435
1625,1436
1625,1437
1626,455
1626,1438
1627,1081
1627,1082
1627,1083
1628,1087
1628,1088
1628,1089
1629,1090
1629,1091
1629,1092
1630,1093
1630,1094
1630,1095
1631,1096
1631,1097
1631,1098
1632,1099
1632,1100
1633,1105
1633,1106
1633,1107
1634,1108
1634,1109
1634,1110
1635,1123
1635,1124
1635,1125
1636,1126
1636,1127
1636,1128
1637,1132
1637,1133
1638,1135
1638,1136
1638,1137
1639,1138
1639,1139
1639,1140
1640,1162
1640,1163
1640,1164
1641,1165
1641,1166
1641,1167
1642,1178
1642,1179
1643,1180
1643,1181
1643,1182
1644,1184
1644,1185
1645,1192
1645,1193
1645,1194
1646,1201
1646,1203
1647,1207
1647,1209
1648,1213
1648,1214
1648,1215
1649,1217
1649,1218
1650,1219
1650,1220
1650,1221
1651,1231
1651,1233
1652,1241
1652,1242
1653,1243
1653,1244
1654,1249
1654,1250
1654,1251
1655,1252
1655,1253
1655,1254
1656,1261
1656,1262
1656,1263
1657,1270
1657,1271
1657,1272
1658,1273
1658,1274
1658,1275
1659,1306
1659,1307
1659,1308
1660,1309
1660,1310
1660,1311
1661,1312
1661,1313
1661,1314
1663,1315
1663,1316
1663,1317
1664,1321
1664,1322
1664,1323
1665,1324
1665,1325
1665,1326
1666,1327
1666,1328
1666,1329
1667,1330
1667,1331
1667,1332
1668,1333
1668,1334
1668,1335
1669,1351
1669,1352
1669,1353
1670,1360
1670,1361
1670,1362
1671,1366
1671,1367
1671,1368
1672,1378
1672,1379
1672,1380
1673,1381
1673,1382
1673,1383
1674,1396
1674,1397
1674,1398
1675,1399
1675,1400
1675,1401
1676,1405
1676,1406
1677,582
1677,1408
1677,1410
1678,1411
1678,1412
1678,1413
1679,1414
1679,1415
1679,1416
1680,1417
1680,1418
1680,1419
1681,1423
1681,1424
1681,1425
1682,1426
1682,1427
1682,1428
1683,1429
1683,1430
1683,1431
1684,1432
1684,1433
1684,1434
1685,1435
1685,1436
1685,1437
1686,455
1686,1438
1687,1081
1687,1082
1687,1083
1688,1087
1688,1088
1688,1089
1689,1090
1689,1091
1689,1092
1690,1093
1690,1094
1690,1095
1691,1096
1691,1097
1691,1098
1692,1099
1692,1100
1693,1105
1693,1106
1693,1107
1694,1108
1694,1109
1694,1110
1695,1123
1695,1124
1695,1125
1696,1126
1696,1127
1696,1128
1697,1132
1697,1133
1698,1135
1698,1136
1698,1137
1699,1138
1699,1139
1699,1140
1700,1162
1700,1163
1700,1164
1701,1165
1701,1166
1701,1167
1702,1178
1702,1179
1703,1180
1703,1181
1703,1182
1704,1184
1704,1185
1705,1192
1705,1193
1705,1194
1706,1201
1706,1203
1707,1207
1707,1209
1708,1213
1708,1214
1708,1215
1709,1217
1709,1218
1710,1219
1710,1220
1710,1221
1711,1231
1711,1233
1712,1241
1712,1242
1713,1243
1713,1244
1714,1249
1714,1250
1714,1251
1715,1252
1715,1253
1715,1254
1716,1261
1716,1262
1716,1263
1717,1270
1717,1271
1717,1272
1718,1273
1718,1274
1718,1275
1719,1306
1719,1307
1719,1308
1720,1309
1720,1310
1720,1311
1721,1312
1721,1313
1721,1314
1722,1315
1722,1316
1722,1317
1723,1321
1723,1322
1723,1323
1724,1324
1724,1325
1724,1326
1725,1327
1725,1328
1725,1329
1726,1330
1726,1331
1726,1332
1727,1333
1727,1334
1727,1335
1728,1351
1728,1352
1728,1353
1729,1360
1729,1361
1729,1362
1730,1366
1730,1367
1730,1368
1731,1378
1731,1379
1731,1380
1732,1381
1732,1382
1732,1383
1733,1396
1733,1397
1733,1398
1734,1399
1734,1400
1734,1401
1735,1405
1735,1406
1736,582
1736,1408
1736,1410
1737,1411
1737,1412
1737,1413
1738,1414
1738,1415
1738,1416
1739,1417
1739,1418
1739,1419
1740,1423
1740,1424
1740,1425
1741,1426
1741,1427
1741,1428
1742,1429
1742,1430
1742,1431
1743,1432
1743,1433
1743,1434
1744,1435
1744,1436
1744,1437
1745,455
1745,1438
1746,484
1746,485
1746,486
1747,499
1747,500
1747,501
1748,508
1748,509
1748,510
1749,513
1750,517
1750,518
1750,519
1751,523
1751,524
1751,525
1752,532
1752,533
1752,534
1753,541
1753,542
1753,543
1754,544
1754,545
1754,546
1755,550
1755,551
1755,552
1756,565
1756,566
1756,567
1757,568
1757,569
1757,570
1758,571
1758,572
1758,573
1759,598
1759,599
1759,600
1760,604
1760,605
1760,606
1761,607
1761,608
1761,609
1762,613
1762,614
1762,1364
1763,631
1763,632
1763,633
1764,634
1764,635
1764,636
1765,637
1765,638
1765,639
1766,658
1766,659
1766,660
1767,661
1767,662
1767,663
1768,665
1768,832
1768,1352
1769,668
1769,669
1769,784
1770,676
1770,677
1770,678
1771,685
1771,686
1771,687
1772,694
1772,695
1772,696
1773,602
1773,700
1773,701
1774,709
1774,710
1774,711
1775,712
1775,713
1775,714
1776,715
1776,716
1776,717
1777,718
1777,719
1777,720
1778,736
1778,737
1778,738
1779,748
1779,749
1779,750
1780,751
1780,752
1780,753
1781,766
1781,767
1781,768
1782,769
1782,770
1782,771
1783,775
1783,776
1783,777
1784,799
1784,800
1784,801
1785,805
1785,806
1785,807
1786,808
1786,809
1786,810
1787,817
1787,818
1787,819
1788,820
1789,823
1789,824
1789,825
1790,826
1790,827
1790,828
1791,829
1791,830
1791,831
1792,835
1792,836
1792,837
1793,841
1793,842
1793,843
1794,844
1794,845
1794,846
1795,847
1795,848
1795,849
1796,850
1796,851
1796,852
1797,853
1797,854
1797,855
1798,856
1798,1214
1799,865
1799,866
1799,867
1800,871
1800,872
1800,873
1801,874
1801,875
1801,876
1802,886
1802,887
1802,888
1803,892
1803,893
1803,894
1804,901
1804,902
1804,903
1805,907
1805,908
1805,909
1806,910
1806,911
1806,912
1807,919
1807,920
1807,921
1808,922
1808,923
1808,924
1809,934
1809,935
1809,936
1810,937
1810,938
1810,939
1811,952
1811,953
1811,954
1812,967
1812,968
1812,969
1813,909
1813,989
1813,990
1814,991
1814,992
1814,993
1815,1000
1815,1001
1815,1002
1816,1012
1816,1013
1816,1014
1817,1015
1817,1016
1817,1017
1818,489
1818,1021
1818,1022
1819,1030
1819,1031
1819,1032
1820,1048
1820,1049
1820,1050
1821,1051
1821,1052
1821,1053
1822,1057
1822,1058
1822,1059
1823,1063
1823,1064
1823,1065
1824,1069
1824,1070
1824,1071
1825,1075
1825,1076
1825,1077
1826,484
1826,485
1826,486
1827,499
1827,500
1827,501
1828,508
1828,509
1828,510
1829,511
1829,512
1829,513
1830,517
1830,518
1830,519
1831,523
1831,524
1831,525
1832,532
1832,533
1832,534
1833,541
1833,542
1833,543
1834,544
1834,545
1834,546
1835,550
1835,551
1835,552
1836,565
1836,566
1836,567
1837,568
1837,569
1837,570
1838,571
1838,572
1838,573
1839,598
1839,599
1839,600
1840,604
1840,605
1840,606
1841,607
1841,608
1841,609
1842,613
1842,614
1843,631
1843,633
1843,656
1844,634
1844,635
1845,637
1845,638
1846,658
1846,659
1846,660
1847,661
1847,662
1847,663
1848,664
1848,666
1849,667
1849,668
1849,669
1850,676
1850,677
1850,678
1851,685
1851,686
1851,687
1852,694
1852,695
1852,696
1853,700
1853,701
1853,702
1854,709
1854,710
1854,711
1855,712
1855,713
1855,714
1856,715
1856,716
1856,717
1857,718
1857,719
1857,720
1858,736
1858,737
1858,738
1859,748
1859,749
1859,750
1860,751
1860,752
1860,753
1861,766
1861,767
1861,768
1862,769
1862,770
1862,771
1863,775
1863,776
1863,777
1864,799
1864,800
1864,801
1865,805
1865,806
1865,807
1866,808
1866,809
1866,810
1867,817
1867,818
1867,819
1868,820
1868,821
1868,822
1869,823
1869,824
1869,825
1870,826
1870,827
1870,828
1871,829
1871,830
1871,831
1872,835
1872,836
1872,837
1873,841
1873,842
1873,843
1874,844
1874,845
1874,846
1875,847
1875,848
1875,849
1876,850
1876,851
1876,852
1877,836
1877,853
1877,855
1878,857
1878,858
1878,1077
1879,865
1879,866
1879,867
1880,872
1880,873
1881,874
1881,875
1881,876
1882,886
1882,887
1882,888
1883,892
1883,893
1884,901
1884,902
1884,903
1885,907
1885,909
1886,910
1886,911
1886,912
1887,919
1887,920
1887,921
1888,922
1888,923
1888,924
1889,934
1889,935
1890,938
1890,939
1891,953
1891,954
1892,967
1892,968
1892,969
1893,990
1894,991
1894,992
1894,993
1895,1000
1895,1001
1896,1012
1896,1013
1896,1014
1897,1015
1897,1016
1897,1017
1898,1022
1898,1023
1899,1030
1899,1031
1899,1032
1900,1048
1900,1049
1900,1050
1901,1051
1901,1052
1901,1053
1902,1057
1902,1058
1902,1059
1903,1063
1903,1064
1903,1065
1904,1069
1904,1070
1904,1071
1905,1075
1905,1076
1905,1077
1906,1081
1906,1082
1906,1083
1907,1087
1907,1088
1907,1089
1908,1090
1908,1091
1908,1092
1909,1093
1909,1094
1909,1095
1910,1096
1910,1097
1910,1098
1911,1099
1911,1100
1911,1101
1912,1105
1912,1106
1912,1107
1913,1108
1913,1109
1913,1110
1914,1123
1914,1124
1914,1125
1915,1126
1915,1127
1915,1128
1916,1132
1916,1133
1916,1134
1917,1135
1917,1136
1917,1137
1918,1138
1918,1139
1918,1140
1919,1162
1919,1163
1919,1164
1920,1165
1920,1166
1920,1167
1921,1177
1921,1178
1921,1179
1922,1180
1922,1181
1922,1182
1923,1183
1923,1184
1923,1185
1924,1192
1924,1193
1924,1194
1925,1201
1925,1202
1925,1203
1926,1207
1926,1208
1926,1209
1927,1213
1927,1214
1927,1215
1928,1216
1928,1217
1928,1218
1929,1219
1929,1220
1929,1221
1930,623
1930,1231
1930,1232
1931,1240
1931,1241
1931,1242
1932,1243
1932,1244
1932,1245
1933,1249
1933,1250
1933,1251
1934,1252
1934,1253
1934,1254
1935,1261
1935,1262
1935,1263
1936,1270
1936,1271
1936,1272
1937,1273
1937,1274
1937,1275
1938,1306
1938,1307
1938,1308
1939,1309
1939,1310
1939,1311
1940,1312
1940,1313
1940,1314
1941,1315
1941,1316
1941,1317
1942,1321
1942,1322
1942,1323
1943,1324
1943,1325
1943,1326
1944,1327
1944,1328
1944,1329
1945,1330
1945,1331
1945,1332
1946,1333
1946,1334
1946,1335
1947,1351
1947,1352
1947,1353
1948,1360
1948,1361
1948,1362
1949,1366
1949,1367
1949,1368
1950,1372
1950,1373
1950,1374
1951,1378
1951,1379
1951,1380
1952,1381
1952,1382
1952,1383
1953,1396
1953,1397
1953,1398
1954,1399
1954,1400
1954,1401
1955,1405
1955,1407
1956,1408
1956,1409
1956,1410
1957,1411
1957,1412
1957,1413
1958,1414
1958,1415
1958,1416
1959,1417
1959,1418
1959,1419
1960,1423
1960,1424
1960,1425
1961,1426
1961,1427
1961,1428
1962,1429
1962,1430
1962,1431
1963,832
1963,1432
1963,1434
1964,1435
1964,1436
1964,1437
1965,167
1965,293
1965,1438
1965,1439
1965,1440
1966,1081
1966,1082
1966,1083
1967,1087
1967,1088
1967,1089
1968,1090
1968,1091
1968,1092
1969,1093
1969,1094
1969,1095
1970,1096
1970,1097
1970,1098
1971,1099
1971,1100
1971,1101
1972,1105
1972,1106
1972,1107
1973,1108
1973,1109
1973,1110
1974,1123
1974,1124
1974,1125
1975,1126
1975,1127
1975,1128
1976,1132
1976,1133
1976,1134
1977,1135
1977,1136
1977,1137
1978,1138
1978,1139
1978,1140
1979,1162
1979,1163
1979,1164
1980,1165
1980,1166
1980,1167
1981,1177
1981,1178
1981,1179
1982,1180
1982,1181
1982,1182
1983,1183
1983,1184
1983,1185
1984,1192
1984,1193
1984,1194
1985,1201
1985,1202
1985,1203
1986,1207
1986,1208
1986,1209
1987,1213
1987,1214
1987,1215
1988,1216
1988,1217
1988,1218
1989,1219
1989,1220
1989,1221
1990,623
1990,1231
1990,1232
1991,1240
1991,1241
1991,1242
1992,1243
1992,1244
1992,1245
1993,1249
1993,1250
1993,1251
1994,1252
1994,1253
1994,1254
1995,1261
1995,1262
1995,1263
1996,1270
1996,1271
1996,1272
1997,1273
1997,1274
1997,1275
1998,1306
1998,1307
1998,1308
1999,1309
1999,1310
1999,1311
2000,1312
2000,1313
2000,1314
2001,1315
2001,1316
2001,1317
2002,1321
2002,1322
2002,1323
2003,1324
2003,1325
2003,1326
2004,1327
2004,1328
2004,1329
2005,1330
2005,1331
2005,1332
2006,1333
2006,1334
2006,1335
2007,1351
2007,1352
2007,1353
2008,1360
2008,1361
2008,1362
2009,1366
2009,1367
2009,1368
2010,1372
2010,1373
2010,1374
2011,1378
2011,1379
2011,1380
2012,1381
2012,1382
2012,1383
2013,1396
2013,1397
2013,1398
2014,1399
2014,1400
2014,1401
2015,1405
2015,1407
2016,1408
2016,1409
2016,1410
2017,1411
2017,1412
2017,1413
2018,1414
2018,1415
2018,1416
2019,1417
2019,1418
2019,1419
2020,1423
2020,1424
2020,1425
2021,1426
2021,1427
2021,1428
2022,1429
2022,1430
2022,1431
2023,832
2023,1432
2023,1434
2024,1435
2024,1436
2024,1437
2025,167
2025,293
2025,1438
2025,1439
2025,1440
2026,1081
2026,1082
2026,1083
2027,1087
2027,1088
2027,1089
2028,1090
2028,1091
2028,1092
2029,1093
2029,1094
2029,1095
2030,1096
2030,1097
2030,1098
2031,1099
2031,1100
2031,1101
2032,1105
2032,1106
2032,1107
2033,1108
2033,1109
2033,1110
2034,1123
2034,1124
2034,1125
2035,1126
2035,1127
2035,1128
2036,1132
2036,1133
2036,1134
2037,1135
2037,1136
2037,1137
2038,1138
2038,1139
2038,1140
2039,1162
2039,1163
2039,1164
2040,1165
2040,1166
2040,1167
2041,1177
2041,1178
2041,1179
2042,1180
2042,1181
2042,1182
2043,1183
2043,1184
2043,1185
2044,1192
2044,1193
2044,1194
2045,1201
2045,1202
2045,1203
2046,1207
2046,1208
2046,1209
2047,1213
2047,1214
2047,1215
2048,1216
2048,1217
2048,1218
2049,1219
2049,1220
2049,1221
2050,623
2050,1231
2050,1232
2051,1240
2051,1241
2051,1242
2052,1243
2052,1244
2052,1245
2053,1249
2053,1250
2053,1251
2054,1252
2054,1253
2054,1254
2055,1261
2055,1262
2055,1263
2056,1270
2056,1271
2056,1272
2057,1273
2057,1274
2057,1275
2058,1306
2058,1307
2058,1308
2059,1309
2059,1310
2059,1311
2060,1312
2060,1313
2060,1314
2061,1315
2061,1316
2061,1317
2062,1321
2062,1322
2062,1323
2063,1324
2063,1325
2063,1326
2064,1327
2064,1328
2064,1329
2065,1330
2065,1331
2065,1332
2066,1333
2066,1334
2066,1335
2067,1351
2067,1352
2067,1353
2068,1360
2068,1361
2068,1362
2069,1366
2069,1367
2069,1368
2070,1372
2070,1373
2070,1374
2071,1378
2071,1379
2071,1380
2072,1381
2072,1382
2072,1383
2073,1396
2073,1397
2073,1398
2074,1399
2074,1400
2074,1401
2075,1405
2075,1407
2076,1408
2076,1409
2076,1410
2077,1411
2077,1412
2077,1413
2078,1414
2078,1415
2078,1416
2079,1417
2079,1418
2079,1419
2080,1423
2080,1424
2080,1425
2081,1426
2081,1427
2081,1428
2082,1429
2082,1430
2082,1431
2083,832
2083,1432
2083,1434
2084,1435
2084,1436
2084,1437
2085,167
2085,293
2085,1438
2085,1439
2085,1440
2086,484
2086,485
2086,486
2087,499
2087,501
2088,509
2088,510
2089,511
2089,512
2089,513
2090,517
2090,518
2090,519
2091,523
2091,524
2091,525
2092,532
2092,533
2092,534
2093,541
2093,542
2093,543
2094,544
2094,545
2094,546
2095,550
2095,551
2095,552
2096,565
2096,566
2096,567
2097,568
2097,569
2097,570
2098,571
2098,572
2098,573
2099,573
2099,599
2099,600
2100,604
2100,605
2100,606
2101,607
2101,608
2101,609
2102,613
2102,615
2102,1038
2103,631
2103,632
2103,633
2104,634
2104,635
2104,636
2105,637
2105,638
2105,639
2106,658
2106,659
2106,660
2107,661
2107,662
2107,663
2108,664
2108,665
2108,666
2109,668
2109,669
2110,676
2110,677
2110,678
2111,685
2111,686
2111,687
2112,694
2112,695
2112,696
2113,702
2113,923
2114,709
2114,710
2114,711
2115,712
2115,713
2115,714
2116,493
2116,715
2116,812
2118,484
2118,485
2118,486
2119,499
2119,501
2120,509
2120,510
2121,511
2121,512
2121,513
2122,517
2122,518
2122,519
2123,523
2123,524
2123,525
2124,532
2124,533
2124,534
2125,541
2125,542
2125,543
2126,544
2126,545
2126,546
2127,550
2127,551
2127,552
2128,565
2128,566
2128,567
2129,568
2129,569
2129,570
2130,571
2130,572
2130,573
2131,573
2131,599
2131,600
2132,604
2132,605
2132,606
2133,607
2133,608
2133,609
2134,613
2134,615
2134,1038
2135,631
2135,632
2135,633
2136,634
2136,635
2136,636
2137,637
2137,638
2137,639
2138,658
2138,659
2138,660
2139,661
2139,662
2139,663
2140,664
2140,665
2140,666
2141,668
2141,669
2142,676
2142,677
2142,678
2143,685
2143,686
2143,687
2144,694
2144,695
2144,696
2145,702
2145,923
2146,709
2146,710
2146,711
2147,712
2147,713
2147,714
2148,493
2148,715
2148,812
2149,718
2149,719
2149,720
2150,736
2150,737
2150,738
2151,749
2151,750
2152,751
2152,752
2152,753
2153,766
2153,767
2153,768
2154,770
2154,771
2155,1229
2156,626
2156,800
2156,801
2157,805
2157,806
2157,807
2158,808
2158,809
2158,810
2159,817
2159,818
2159,819
2160,535
2160,821
2160,822
2161,823
2161,824
2162,826
2162,827
2162,828
2163,829
2163,830
2163,831
2164,835
2164,837
2165,841
2165,842
2165,843
2166,846
2167,847
2167,848
2167,849
2168,850
2168,851
2168,852
2169,853
2169,854
2169,855
2170,1360
2171,866
2172,871
2172,872
2172,873
2173,874
2173,875
2173,876
2174,886
2174,887
2174,888
2175,893
2175,1147
2176,902
2177,907
2177,908
2177,909
2178,910
2178,911
2178,912
2179,533
2179,548
2179,919
2180,922
2180,923
2180,924
2181,934
2181,935
2181,1252
2182,938
2182,939
2183,952
2183,953
2183,954
2184,967
2184,968
2184,969
2185,500
2185,900
2186,991
2186,992
2186,993
2187,1000
2187,1001
2187,1002
2188,1012
2188,1013
2188,1014
2189,1015
2189,1016
2189,1017
2190,886
2190,1023
2191,1030
2191,1031
2191,1032
2192,981
2192,1048
2192,1050
2193,1051
2193,1052
2193,1053
2194,1057
2194,1058
2194,1059
2195,1063
2195,1064
2195,1065
2196,1069
2196,1070
2196,1071
2197,667
2197,1075
2198,1081
2198,1082
2198,1083
2199,1088
2199,1089
2200,1090
2200,1091
2200,1092
2201,1093
2201,1094
2201,1095
2202,1096
2202,1097
2202,1098
2203,1099
2203,1101
2204,1105
2204,1106
2204,1107
2205,1108
2205,1109
2205,1110
2206,1124
2206,1125
2207,1126
2207,1127
2207,1128
2208,680
2208,1132
2208,1133
2209,1135
2209,1136
2209,1137
2210,1138
2210,1139
2210,1140
2211,1162
2211,1163
2211,1164
2212,1165
2212,1166
2212,1167
2213,1177
2213,1178
2213,1179
2214,1180
2214,1181
2214,1182
2215,1183
2215,1184
2215,1185
2216,1192
2216,1193
2216,1194
2217,1201
2217,1202
2217,1203
2218,1207
2218,1208
2218,1209
2219,1213
2219,1214
2219,1215
2220,488
2220,1216
2220,1218
2221,1219
2221,1220
2221,1221
2222,1231
2222,1232
2222,1233
2223,1240
2223,1241
2223,1242
2224,1243
2224,1244
2225,1249
2225,1250
2225,1251
2226,1252
2226,1253
2226,1254
2227,1261
2227,1262
2227,1263
2228,1270
2228,1271
2229,1273
2229,1274
2229,1275
2230,1306
2230,1307
2230,1308
2231,1309
2231,1310
2231,1311
2232,1312
2232,1313
2232,1314
2233,851
2233,1316
2233,1317
2234,1321
2234,1322
2234,1323
2235,1324
2235,1326
2236,1327
2236,1328
2236,1329
2237,1330
2237,1331
2237,1332
2238,1333
2238,1334
2238,1335
2239,1352
2239,1353
2240,1360
2240,1361
2240,1362
2241,1366
2241,1367
2241,1368
2242,1372
2242,1373
2242,1374
2243,1378
2243,1380
2244,1381
2244,1382
2244,1383
2245,1396
2245,1397
2245,1398
2246,1399
2246,1400
2246,1401
2247,1405
2247,1406
2248,960
2248,1408
2248,1410
2249,1411
2249,1412
2249,1422
2250,1414
2250,1415
2250,1416
2251,1417
2251,1418
2251,1419
2252,1423
2252,1424
2252,1425
2253,1426
2253,1427
2253,1428
2254,1429
2254,1430
2254,1431
2255,1432
2255,1434
2256,1435
2256,1436
2256,1437
2257,1438
2257,1439
2257,1440
2258,148
2259,444
2260,1111
2261,598
2262,456
2263,150
2263,375
2263,1290
2263,1421
2264,484
2264,485
2264,520
2265,1058
2266,70
2266,1435
2267,760
2268,876
2269,886